-- phpMyAdmin SQL Dump
-- version 4.8.5
-- https://www.phpmyadmin.net/
--
-- Host: 127.0.0.1
-- Generation Time: Mar 06, 2019 at 05:59 AM
-- Server version: 10.1.38-MariaDB
-- PHP Version: 7.2.15

SET SQL_MODE = "NO_AUTO_VALUE_ON_ZERO";
SET AUTOCOMMIT = 0;
START TRANSACTION;
SET time_zone = "+00:00";


/*!40101 SET @OLD_CHARACTER_SET_CLIENT=@@CHARACTER_SET_CLIENT */;
/*!40101 SET @OLD_CHARACTER_SET_RESULTS=@@CHARACTER_SET_RESULTS */;
/*!40101 SET @OLD_COLLATION_CONNECTION=@@COLLATION_CONNECTION */;
/*!40101 SET NAMES utf8mb4 */;

--
-- Database: `eapiv2`
--

-- --------------------------------------------------------

--
-- Table structure for table `migrations`
--

CREATE TABLE `migrations` (
  `id` int(10) UNSIGNED NOT NULL,
  `migration` varchar(191) COLLATE utf8mb4_unicode_ci NOT NULL,
  `batch` int(11) NOT NULL
) ENGINE=InnoDB DEFAULT CHARSET=utf8mb4 COLLATE=utf8mb4_unicode_ci;

--
-- Dumping data for table `migrations`
--

INSERT INTO `migrations` (`id`, `migration`, `batch`) VALUES
(1, '2014_10_12_000000_create_users_table', 1),
(2, '2014_10_12_100000_create_password_resets_table', 1),
(3, '2019_03_06_030542_create_products_table', 1),
(4, '2019_03_06_030732_create_reviews_table', 2);

-- --------------------------------------------------------

--
-- Table structure for table `password_resets`
--

CREATE TABLE `password_resets` (
  `email` varchar(191) COLLATE utf8mb4_unicode_ci NOT NULL,
  `token` varchar(191) COLLATE utf8mb4_unicode_ci NOT NULL,
  `created_at` timestamp NULL DEFAULT NULL
) ENGINE=InnoDB DEFAULT CHARSET=utf8mb4 COLLATE=utf8mb4_unicode_ci;

-- --------------------------------------------------------

--
-- Table structure for table `products`
--

CREATE TABLE `products` (
  `id` int(10) UNSIGNED NOT NULL,
  `name` varchar(191) COLLATE utf8mb4_unicode_ci NOT NULL,
  `detail` text COLLATE utf8mb4_unicode_ci NOT NULL,
  `price` int(11) NOT NULL,
  `stock` int(11) NOT NULL,
  `discount` int(11) NOT NULL,
  `created_at` timestamp NULL DEFAULT NULL,
  `updated_at` timestamp NULL DEFAULT NULL
) ENGINE=InnoDB DEFAULT CHARSET=utf8mb4 COLLATE=utf8mb4_unicode_ci;

--
-- Dumping data for table `products`
--

INSERT INTO `products` (`id`, `name`, `detail`, `price`, `stock`, `discount`, `created_at`, `updated_at`) VALUES
(1, 'perferendis', 'Et quidem rerum incidunt suscipit ea sunt. Repudiandae corrupti similique expedita in voluptatibus dolorem. Dignissimos ipsam consequatur ut et nihil. Iusto odit et quis saepe harum tenetur.', 199, 0, 14, '2019-03-05 20:44:09', '2019-03-05 20:44:09'),
(2, 'molestias', 'Sint dolores ullam modi ducimus enim ipsum quia non. Totam ut non commodi voluptas. Impedit omnis ratione quibusdam sapiente architecto.', 870, 3, 22, '2019-03-05 20:44:09', '2019-03-05 20:44:09'),
(3, 'vel', 'Accusamus ratione possimus ut quod quia. Cum reiciendis sit placeat qui architecto. Possimus et autem sequi occaecati debitis.', 118, 2, 4, '2019-03-05 20:44:09', '2019-03-05 20:44:09'),
(4, 'atque', 'Quisquam molestiae consequatur ut. Praesentium deserunt beatae neque voluptatem. Quia corporis illo minima est. Autem sunt saepe et commodi quis velit amet.', 896, 2, 7, '2019-03-05 20:44:09', '2019-03-05 20:44:09'),
(5, 'commodi', 'Illum ea nobis ut quia aut. Est praesentium et eveniet vero dolorem magnam qui. Architecto mollitia quod temporibus.', 282, 6, 15, '2019-03-05 20:44:09', '2019-03-05 20:44:09'),
(6, 'quam', 'Blanditiis aut molestias porro similique molestiae temporibus. Dolor autem ipsam hic sed ut ad. Incidunt optio adipisci ullam ab sint.', 361, 5, 23, '2019-03-05 20:44:09', '2019-03-05 20:44:09'),
(7, 'nesciunt', 'Asperiores et repellendus sint tempora facere suscipit. Dolores sunt dolores sit a vero est ipsum. At modi iusto ipsum dolor. Officia necessitatibus cumque quidem ratione. Dolor aut cumque non provident est sed quo.', 736, 2, 24, '2019-03-05 20:44:09', '2019-03-05 20:44:09'),
(8, 'odit', 'Qui autem sunt quos numquam. Aut perferendis est illum. Dolores enim sint voluptatem aut impedit molestias incidunt debitis. Unde ut aliquam ratione magnam veniam omnis.', 764, 2, 24, '2019-03-05 20:44:10', '2019-03-05 20:44:10'),
(9, 'hic', 'Possimus et iure aperiam maxime porro. Vel beatae quas autem aliquid expedita cupiditate expedita. Vero voluptate nesciunt odio omnis doloremque ut.', 643, 5, 11, '2019-03-05 20:44:10', '2019-03-05 20:44:10'),
(10, 'asperiores', 'Omnis autem eveniet accusantium sapiente sed sunt. Aliquid earum repellendus non sunt dicta qui placeat. Ut quod alias et alias. Iste rem voluptatum necessitatibus animi.', 158, 8, 24, '2019-03-05 20:44:10', '2019-03-05 20:44:10'),
(11, 'dolorem', 'Et et saepe ad expedita. Eaque eum facilis voluptas. Minima porro quidem doloremque eum voluptatem totam sit.', 570, 0, 4, '2019-03-05 20:44:10', '2019-03-05 20:44:10'),
(12, 'et', 'Dolor cum corporis qui saepe. Numquam magnam vitae voluptatem dolores voluptatibus porro rem. Debitis quis consequatur qui ut aliquam est ut. Occaecati quia iure doloremque numquam.', 281, 4, 3, '2019-03-05 20:44:10', '2019-03-05 20:44:10'),
(13, 'illum', 'Vel voluptas porro et dignissimos aspernatur. Nulla commodi id vel. Omnis eaque fugit asperiores unde. Omnis non libero a voluptatem quis ipsa.', 677, 3, 14, '2019-03-05 20:44:10', '2019-03-05 20:44:10'),
(14, 'ducimus', 'Aut nihil debitis dolor veritatis ut voluptas et nisi. Officia non odit rem molestiae. Qui et atque repellat molestiae laboriosam nam.', 571, 4, 20, '2019-03-05 20:44:10', '2019-03-05 20:44:10'),
(15, 'ipsum', 'Sed et et nam quis. Ut ex atque vero laboriosam quisquam suscipit. Odit quaerat est amet. Delectus aliquid pariatur consequuntur suscipit doloremque fugit nostrum totam. Quia voluptatem aliquid ipsa autem.', 947, 7, 23, '2019-03-05 20:44:10', '2019-03-05 20:44:10'),
(16, 'magnam', 'Porro alias deleniti beatae et non aut et reiciendis. Atque fuga officiis molestias eum delectus excepturi itaque. Molestiae et ut qui voluptatem quia ut.', 906, 1, 16, '2019-03-05 20:44:10', '2019-03-05 20:44:10'),
(17, 'neque', 'Quos reprehenderit non quidem libero. Quod temporibus nesciunt voluptates. Voluptatem autem assumenda consequatur nesciunt aperiam quia tempora ipsam.', 829, 1, 2, '2019-03-05 20:44:10', '2019-03-05 20:44:10'),
(18, 'ipsum', 'Inventore eos veritatis ipsa. Sit minus aut deserunt accusantium et. Deserunt dicta nesciunt dolor ducimus.', 711, 0, 24, '2019-03-05 20:44:10', '2019-03-05 20:44:10'),
(19, 'odio', 'Odit eum alias eos quis. Suscipit consequatur distinctio eaque recusandae voluptatibus repudiandae iusto. Maxime qui sit dolorem.', 937, 6, 21, '2019-03-05 20:44:10', '2019-03-05 20:44:10'),
(20, 'dolor', 'Ut quod beatae id quidem et ipsam dolorem. Tenetur itaque ducimus vel accusantium. Velit laborum aut dolorum et.', 840, 0, 8, '2019-03-05 20:44:10', '2019-03-05 20:44:10'),
(21, 'qui', 'Perspiciatis nemo in qui rerum eum et ex. Accusamus dolor velit veniam soluta occaecati. Eum magnam illo velit aut id harum eaque laborum.', 541, 1, 9, '2019-03-05 20:44:10', '2019-03-05 20:44:10'),
(22, 'voluptas', 'Sequi error ea error saepe laborum. Et voluptas eos temporibus libero dolores sed veritatis iusto.', 747, 8, 14, '2019-03-05 20:44:10', '2019-03-05 20:44:10'),
(23, 'neque', 'Quia quibusdam occaecati aut mollitia. Dolor est et ut et nisi voluptatum. Facilis facilis accusantium veritatis sit sequi illo commodi. Nobis repudiandae ut eos doloremque et non voluptatem.', 822, 2, 25, '2019-03-05 20:44:10', '2019-03-05 20:44:10'),
(24, 'reiciendis', 'Necessitatibus sint ut architecto illum. Quis officiis reiciendis quos consequuntur. Non corporis a est adipisci inventore. Voluptatum inventore maxime eum.', 714, 7, 10, '2019-03-05 20:44:10', '2019-03-05 20:44:10'),
(25, 'sapiente', 'Sed eligendi id eum quam fuga ut. Sunt adipisci minus et magni cumque. Dolorem ut quisquam esse harum pariatur id quos.', 576, 8, 15, '2019-03-05 20:44:10', '2019-03-05 20:44:10'),
(26, 'enim', 'Officiis sed saepe amet hic. Dolor ut est consequuntur esse expedita fugiat aut. Nostrum ut vero placeat nulla dolorem. Autem quisquam quis veniam dolorem veritatis est hic.', 603, 5, 17, '2019-03-05 20:44:10', '2019-03-05 20:44:10'),
(27, 'facilis', 'Cupiditate ea exercitationem aut accusamus. Ut ea excepturi maxime laboriosam. Eum excepturi sint distinctio quia eum. Ea ut doloremque similique aspernatur.', 946, 2, 6, '2019-03-05 20:44:10', '2019-03-05 20:44:10'),
(28, 'iure', 'Voluptatum aut hic non fugiat autem modi eum. Consequatur itaque rerum aspernatur et blanditiis quia ut est. Reprehenderit corporis id dignissimos repellat. Deleniti sint et enim qui.', 997, 8, 3, '2019-03-05 20:44:10', '2019-03-05 20:44:10'),
(29, 'labore', 'Nihil eos dolorem repellendus eos. Possimus ullam qui sint aspernatur. Et quo beatae deleniti adipisci eaque quae.', 715, 9, 29, '2019-03-05 20:44:10', '2019-03-05 20:44:10'),
(30, 'dicta', 'Accusantium voluptatem sequi earum et. Rerum consequatur neque sed animi quia odio blanditiis. Ullam sunt nisi tenetur cumque necessitatibus ipsa sapiente. Deleniti facilis et perspiciatis laborum maxime qui dignissimos.', 299, 0, 7, '2019-03-05 20:44:10', '2019-03-05 20:44:10'),
(31, 'aut', 'Impedit quo temporibus suscipit. Deserunt magnam aliquam reprehenderit vero distinctio at.', 115, 1, 26, '2019-03-05 20:44:10', '2019-03-05 20:44:10'),
(32, 'minus', 'Quia illo magni voluptatem labore consequuntur rem voluptas iure. Et aliquid fugit ratione. Aspernatur corrupti eligendi et dolor reiciendis deleniti. Facere a expedita consequuntur.', 283, 8, 16, '2019-03-05 20:44:10', '2019-03-05 20:44:10'),
(33, 'rerum', 'Perferendis est dolores sunt. Quibusdam et aliquam asperiores est iure quod nihil est. Ut dicta vitae voluptas fugit. Labore ut quidem sed doloremque debitis tempora rerum in.', 998, 9, 7, '2019-03-05 20:44:10', '2019-03-05 20:44:10'),
(34, 'possimus', 'Qui dolore autem quasi quidem aut aut similique. Qui maiores optio fuga quaerat atque. Vel totam sit a modi.', 411, 6, 26, '2019-03-05 20:44:10', '2019-03-05 20:44:10'),
(35, 'quo', 'Facere est minus voluptatibus sint at dignissimos. Quia eos ducimus perferendis distinctio ut eos eius. Distinctio quam sed sunt pariatur non dolores id. In vero quasi porro tenetur dicta cum maiores et.', 614, 6, 2, '2019-03-05 20:44:10', '2019-03-05 20:44:10'),
(36, 'quos', 'Amet iste quia quasi voluptatem rerum placeat sit. Quasi eum doloremque vero iure minima. Corporis odit qui qui aliquam.', 909, 4, 2, '2019-03-05 20:44:10', '2019-03-05 20:44:10'),
(37, 'voluptatem', 'Consequatur rem et voluptates dolorem rerum. Quaerat est dolore sed voluptatem. Nemo eos est laborum. Et eveniet illum quo.', 787, 6, 22, '2019-03-05 20:44:10', '2019-03-05 20:44:10'),
(38, 'culpa', 'Pariatur nobis est assumenda architecto neque molestiae odio. Magni suscipit omnis doloremque velit doloremque consectetur qui. Et aliquid voluptatibus iure dolorum aut. Reprehenderit in quae odio unde totam. Ut quas neque distinctio.', 845, 0, 6, '2019-03-05 20:44:10', '2019-03-05 20:44:10'),
(39, 'modi', 'Doloremque tenetur veniam non soluta inventore. Odio quis alias laboriosam a deserunt dolor error quas. Corporis maiores officiis accusamus animi.', 638, 6, 9, '2019-03-05 20:44:10', '2019-03-05 20:44:10'),
(40, 'sapiente', 'Rem rem nobis fugiat odit nesciunt vel eum ut. Sequi est modi pariatur in commodi dolorem similique. Ut vel in rerum sed nam quis qui.', 216, 0, 8, '2019-03-05 20:44:10', '2019-03-05 20:44:10'),
(41, 'et', 'Officia officia voluptate cupiditate molestiae iure cupiditate. Consequuntur debitis ducimus voluptas dolor beatae aut sed. Nihil tenetur magnam similique nihil voluptate et fugiat. Provident non consequuntur similique nihil minima nihil enim voluptatem.', 440, 0, 4, '2019-03-05 20:44:11', '2019-03-05 20:44:11'),
(42, 'quasi', 'Soluta enim fugiat placeat pariatur deserunt libero et. Dolorem officiis beatae corporis magni ut perferendis illo. Blanditiis unde tempore tempora veritatis qui in officia omnis.', 252, 3, 21, '2019-03-05 20:44:11', '2019-03-05 20:44:11'),
(43, 'accusamus', 'Molestiae voluptatibus sunt est nisi. Deleniti est non possimus odit commodi est. Adipisci quis sint qui non rerum ut deserunt. Dolores ea assumenda sed animi asperiores.', 537, 2, 4, '2019-03-05 20:44:11', '2019-03-05 20:44:11'),
(44, 'alias', 'Expedita quo rerum quod aliquam iste saepe. Quaerat ut fugiat ullam sit laborum. Ipsam necessitatibus voluptatem repellat culpa eum amet cupiditate.', 687, 9, 23, '2019-03-05 20:44:11', '2019-03-05 20:44:11'),
(45, 'saepe', 'Esse tenetur quas totam similique. Et repellat asperiores omnis autem. Qui sunt et cupiditate asperiores. Ut consequatur enim nobis asperiores quo.', 751, 5, 24, '2019-03-05 20:44:11', '2019-03-05 20:44:11'),
(46, 'exercitationem', 'Aspernatur veritatis nesciunt voluptate sit aut esse. Distinctio magni numquam aperiam at et itaque. Nihil ab quisquam ut officia.', 201, 0, 14, '2019-03-05 20:44:11', '2019-03-05 20:44:11'),
(47, 'minus', 'Dolorem eligendi commodi error nisi sapiente et accusantium. Repudiandae laborum pariatur provident sapiente esse atque illum. Natus quia impedit perspiciatis voluptatem voluptas. Quasi voluptatem et quasi molestiae placeat consectetur nisi.', 585, 2, 30, '2019-03-05 20:44:11', '2019-03-05 20:44:11'),
(48, 'accusantium', 'Occaecati voluptatem reiciendis assumenda autem necessitatibus vel. Magnam soluta ut eligendi numquam sit. Natus voluptas impedit facere qui quas et.', 865, 8, 26, '2019-03-05 20:44:11', '2019-03-05 20:44:11'),
(49, 'ut', 'Esse corporis odit possimus beatae aspernatur. Minus rerum eaque dicta dolore ut dolorem. Ut assumenda aut expedita repellendus sequi cumque.', 319, 2, 5, '2019-03-05 20:44:11', '2019-03-05 20:44:11'),
(50, 'vero', 'Quibusdam sit velit ullam autem voluptas voluptatem autem. Nihil necessitatibus suscipit reprehenderit iure perferendis corrupti dolores tempora. Modi ea delectus quae voluptate voluptate aut ex nesciunt.', 937, 7, 29, '2019-03-05 20:44:11', '2019-03-05 20:44:11'),
(51, 'et', 'Ullam dolorem optio consectetur rerum excepturi aut molestiae autem. Pariatur quibusdam aperiam asperiores ut sapiente ipsum. Facilis vitae ipsa et aut doloremque assumenda iste. Voluptatem sapiente veritatis soluta quidem. Voluptates et omnis dolores adipisci ipsam provident est.', 372, 4, 7, '2019-03-05 20:44:55', '2019-03-05 20:44:55'),
(52, 'occaecati', 'Doloribus amet nihil delectus earum culpa quia quam. Iste dolorem debitis quam qui. Blanditiis nemo atque voluptatem corporis dolor suscipit illo. Dignissimos eos dignissimos necessitatibus possimus voluptate asperiores ipsa consectetur.', 776, 2, 28, '2019-03-05 20:44:55', '2019-03-05 20:44:55'),
(53, 'distinctio', 'Repudiandae ipsum vitae vitae iste blanditiis tempora. Quae dolor aut et commodi. Aut quaerat vero ut.', 877, 8, 15, '2019-03-05 20:44:55', '2019-03-05 20:44:55'),
(54, 'temporibus', 'Ut perspiciatis eligendi id excepturi quia velit omnis. Quo fuga excepturi voluptatem voluptate. Optio quos omnis suscipit neque veritatis. Assumenda quis et quas exercitationem et.', 825, 9, 26, '2019-03-05 20:44:55', '2019-03-05 20:44:55'),
(55, 'autem', 'Facilis id maiores illum nihil quia. Qui quisquam sit occaecati magnam eum. Ut eveniet quo nam ullam. Voluptas temporibus ea ab.', 635, 7, 2, '2019-03-05 20:44:55', '2019-03-05 20:44:55'),
(56, 'modi', 'Qui necessitatibus non magnam neque ullam rerum. Dolorem velit ea non et. Est optio qui deleniti dolorem quia unde quia.', 943, 3, 17, '2019-03-05 20:44:55', '2019-03-05 20:44:55'),
(57, 'qui', 'Est molestias in non dolorem unde voluptatem unde. Possimus soluta placeat totam nemo. Nulla molestiae rerum ut porro. Voluptates praesentium numquam sint facere eum et id incidunt.', 450, 9, 28, '2019-03-05 20:44:55', '2019-03-05 20:44:55'),
(58, 'magni', 'Nisi deserunt soluta saepe quaerat at eligendi beatae voluptate. Autem vel cum optio autem voluptate dolorem. Et quasi expedita voluptatem est assumenda aut. Iste qui optio quia.', 382, 0, 25, '2019-03-05 20:44:55', '2019-03-05 20:44:55'),
(59, 'sed', 'Qui itaque saepe numquam quasi amet voluptates. Veritatis natus voluptatem quod. Minus omnis quia ut voluptatibus voluptatem.', 111, 6, 27, '2019-03-05 20:44:55', '2019-03-05 20:44:55'),
(60, 'et', 'A qui doloribus totam ullam odit aut. Voluptatem doloremque soluta et eligendi sit. Eligendi et cum labore suscipit omnis quia eum eos. Non doloribus voluptates et aut.', 595, 9, 6, '2019-03-05 20:44:55', '2019-03-05 20:44:55'),
(61, 'voluptates', 'Aut sit aliquam atque quod sint. Sunt perspiciatis earum cum hic. Sapiente aspernatur enim assumenda omnis eaque sunt.', 228, 0, 30, '2019-03-05 20:44:55', '2019-03-05 20:44:55'),
(62, 'corporis', 'Velit ipsum reprehenderit dolore harum dolorem explicabo. Quia quo qui cupiditate iste non dolores. Natus maiores consequuntur distinctio quisquam. Magni molestiae ad illo est.', 899, 1, 18, '2019-03-05 20:44:56', '2019-03-05 20:44:56'),
(63, 'rerum', 'Sed maxime sit repellat sequi sit. Est nostrum provident nobis ratione et possimus quia. Et exercitationem dicta sed similique laboriosam mollitia.', 620, 0, 23, '2019-03-05 20:44:56', '2019-03-05 20:44:56'),
(64, 'aspernatur', 'Itaque nostrum voluptatem voluptate dolores repellat ad. Eligendi corporis omnis ratione ex aut debitis praesentium. Rerum necessitatibus aspernatur est nisi repellat doloremque. Saepe distinctio voluptas dolor nostrum ea nulla illum.', 410, 8, 9, '2019-03-05 20:44:56', '2019-03-05 20:44:56'),
(65, 'voluptas', 'Ut laborum nostrum facere enim ad et sapiente. Dolore in et eum eum quasi reiciendis voluptatem. Alias voluptatem aut a eum. Et deserunt sed fugiat quis.', 301, 4, 25, '2019-03-05 20:44:56', '2019-03-05 20:44:56'),
(66, 'nesciunt', 'Non quae distinctio velit amet non. Ullam incidunt perspiciatis eos quia. Ipsam deserunt quis ratione voluptatem ex earum.', 500, 2, 21, '2019-03-05 20:44:56', '2019-03-05 20:44:56'),
(67, 'eos', 'Molestiae eos tenetur neque. Unde nesciunt tenetur quas assumenda suscipit harum. Quaerat eum consequuntur iusto in et.', 628, 9, 13, '2019-03-05 20:44:56', '2019-03-05 20:44:56'),
(68, 'et', 'Voluptatem exercitationem dolore quo dolor mollitia. Enim illum vitae sed recusandae. Pariatur soluta aperiam et autem voluptatem quae. Doloribus sequi ex delectus debitis commodi.', 801, 7, 12, '2019-03-05 20:44:56', '2019-03-05 20:44:56'),
(69, 'deserunt', 'Cupiditate consequatur est rerum maiores ullam dolorem non. Maiores sequi quo eum et. Quas veritatis reprehenderit illum amet enim. Fugiat et voluptates eius sequi.', 913, 3, 25, '2019-03-05 20:44:56', '2019-03-05 20:44:56'),
(70, 'nobis', 'Voluptatibus et magni veniam nobis velit consequatur et. Aut ea id quae facilis. Et quibusdam blanditiis consectetur nam dolore. Earum ad cupiditate et.', 406, 8, 5, '2019-03-05 20:44:56', '2019-03-05 20:44:56'),
(71, 'ea', 'Ex doloremque quae culpa qui et. Et quia occaecati provident ab consectetur vel ea. Placeat maiores voluptatem quis corporis a dolor consequuntur. Amet animi ut eos ut.', 908, 8, 19, '2019-03-05 20:44:56', '2019-03-05 20:44:56'),
(72, 'debitis', 'Quas cum ad animi ab ullam. Et id quia maiores modi facilis dignissimos aut.', 199, 3, 5, '2019-03-05 20:44:56', '2019-03-05 20:44:56'),
(73, 'sed', 'Minima saepe omnis vitae voluptates exercitationem id. Hic dignissimos consequatur facere consequatur. Nostrum nihil voluptatem sed natus iusto.', 563, 7, 17, '2019-03-05 20:44:56', '2019-03-05 20:44:56'),
(74, 'architecto', 'Temporibus sint enim facilis ex. Ipsum aut consequatur necessitatibus neque minus possimus odit. Excepturi laudantium itaque doloremque rerum molestias architecto sunt. Omnis vero beatae corrupti ut porro quaerat dolores.', 104, 3, 9, '2019-03-05 20:44:56', '2019-03-05 20:44:56'),
(75, 'atque', 'Et asperiores tempora voluptatum occaecati hic. Quaerat voluptatem sint tempora eum maxime laborum et. Nesciunt aliquam nobis voluptas beatae qui. Nisi ratione beatae ut.', 192, 7, 12, '2019-03-05 20:44:56', '2019-03-05 20:44:56'),
(76, 'sit', 'Dicta iste doloremque est rerum. Veniam voluptate autem provident tenetur. Et optio ratione et necessitatibus. Eveniet eius et corrupti dolores error iusto.', 847, 8, 3, '2019-03-05 20:44:56', '2019-03-05 20:44:56'),
(77, 'et', 'Quisquam modi sit et et non suscipit dicta. Voluptatem soluta possimus eum veritatis quaerat. Voluptatem unde dolor debitis voluptates qui.', 198, 6, 8, '2019-03-05 20:44:56', '2019-03-05 20:44:56'),
(78, 'nihil', 'Voluptas corrupti molestiae non necessitatibus sint. Blanditiis inventore similique recusandae vel ut neque. Quas non deleniti dolorem omnis. Sit magnam quisquam fugiat velit dolores eum cupiditate.', 416, 8, 2, '2019-03-05 20:44:56', '2019-03-05 20:44:56'),
(79, 'tempora', 'Aut alias ea vitae fuga rerum. Dolor ea omnis est quibusdam quibusdam corporis omnis hic. Sit impedit commodi omnis qui autem incidunt et. Aliquid dolor velit et exercitationem nemo.', 104, 6, 25, '2019-03-05 20:44:56', '2019-03-05 20:44:56'),
(80, 'perspiciatis', 'Quia et consequatur quod repellendus velit odit. Delectus commodi ut repudiandae nihil. Assumenda voluptatem odio in magnam dolores. Nihil eos ut ea blanditiis sit saepe.', 429, 1, 4, '2019-03-05 20:44:56', '2019-03-05 20:44:56'),
(81, 'excepturi', 'Consequatur sapiente eius quia dolor. Odit aut voluptate nisi vel vitae sunt. Et quam officiis neque enim. Velit in et eaque magni assumenda.', 860, 2, 23, '2019-03-05 20:44:56', '2019-03-05 20:44:56'),
(82, 'et', 'Dolorem sunt neque non consequatur molestiae. Hic deserunt nulla illo autem sint esse. Voluptatem sequi sed quia ut.', 537, 0, 10, '2019-03-05 20:44:56', '2019-03-05 20:44:56'),
(83, 'vitae', 'Voluptatum nesciunt esse totam sint qui quidem eum. Eum beatae enim aspernatur minima eius placeat.', 692, 0, 29, '2019-03-05 20:44:56', '2019-03-05 20:44:56'),
(84, 'perspiciatis', 'Animi blanditiis non labore cumque dolore. Eos in molestias nulla tenetur. Sunt laborum eveniet qui voluptatem provident. Asperiores voluptatem voluptatem laboriosam sunt quos consectetur.', 920, 8, 17, '2019-03-05 20:44:56', '2019-03-05 20:44:56'),
(85, 'rerum', 'Repellat quia qui aut ad rerum quis culpa saepe. In nihil similique aut nam repellat sunt doloremque. Aut officiis voluptatem dignissimos dicta et iste quam.', 761, 7, 16, '2019-03-05 20:44:56', '2019-03-05 20:44:56'),
(86, 'earum', 'Non aut suscipit impedit molestias dolores sed. Sint id non alias non ut.', 404, 6, 24, '2019-03-05 20:44:56', '2019-03-05 20:44:56'),
(87, 'et', 'Esse perferendis beatae reprehenderit voluptatum expedita. Et vero sunt praesentium aliquid dolores beatae eligendi. Officia et id sit facere autem nostrum.', 207, 9, 7, '2019-03-05 20:44:56', '2019-03-05 20:44:56'),
(88, 'excepturi', 'Est harum deserunt aut voluptatem. Esse vel expedita blanditiis voluptatem iste dicta amet. Ut rerum explicabo voluptas alias molestiae optio sed. Id dignissimos ut odit temporibus ipsam tenetur.', 905, 2, 29, '2019-03-05 20:44:56', '2019-03-05 20:44:56'),
(89, 'magnam', 'Eaque sed aspernatur neque veritatis. Itaque qui voluptatem id.', 582, 2, 13, '2019-03-05 20:44:56', '2019-03-05 20:44:56'),
(90, 'qui', 'Eos rerum soluta reprehenderit perferendis. Minus aliquid qui ut non id mollitia eum. Magnam et sed quasi et molestiae. Nobis molestias sed dolor et.', 924, 6, 11, '2019-03-05 20:44:56', '2019-03-05 20:44:56'),
(91, 'fugiat', 'Temporibus et voluptas in blanditiis magni ut ipsum. Nisi possimus voluptates qui vel nobis quia ullam nesciunt. Perferendis distinctio et velit ea.', 437, 9, 17, '2019-03-05 20:44:56', '2019-03-05 20:44:56'),
(92, 'voluptate', 'Nostrum est eos illum facilis eum. Cumque nam quis sit placeat non cumque qui. Velit omnis illo ipsum.', 290, 6, 30, '2019-03-05 20:44:56', '2019-03-05 20:44:56'),
(93, 'enim', 'Cupiditate earum aut sapiente eum. Consequatur quis ut in nisi. Odio deserunt sed numquam voluptas.', 231, 7, 8, '2019-03-05 20:44:56', '2019-03-05 20:44:56'),
(94, 'cum', 'Eius et explicabo sed ea molestiae iusto. Dolore fuga quia ut ea. Quibusdam et vel vel sed. Unde cum quidem sed nulla rerum.', 781, 8, 30, '2019-03-05 20:44:56', '2019-03-05 20:44:56'),
(95, 'optio', 'Voluptatem eaque repellendus expedita maxime inventore quibusdam. Voluptas recusandae nostrum ut quas quae. Et et in mollitia dolorum.', 980, 3, 3, '2019-03-05 20:44:57', '2019-03-05 20:44:57'),
(96, 'rem', 'Omnis velit doloribus fugit animi maiores quod ducimus. Possimus quas maiores vel consequuntur quo ea. Quia soluta repellat voluptas ab explicabo labore. Est inventore magni aut temporibus voluptatem. Velit similique fugit non tenetur.', 440, 1, 15, '2019-03-05 20:44:57', '2019-03-05 20:44:57'),
(97, 'commodi', 'Vero consectetur doloremque qui qui rerum. Laudantium voluptas amet molestias eligendi ut. Reprehenderit rerum est veritatis quo error nobis velit consequatur.', 978, 0, 22, '2019-03-05 20:44:57', '2019-03-05 20:44:57'),
(98, 'aut', 'Autem dicta ad ipsa voluptas qui praesentium laboriosam. Autem consequatur tenetur quia hic iste asperiores rerum. Dolor et deserunt quos. Quod enim nihil illo et exercitationem labore.', 601, 0, 14, '2019-03-05 20:44:57', '2019-03-05 20:44:57'),
(99, 'aliquam', 'Quo velit veritatis et occaecati sunt. Dolores nemo aliquam iure qui. Dolore non commodi in est reprehenderit architecto rerum. Dolor eaque et sit velit sed.', 193, 0, 18, '2019-03-05 20:44:57', '2019-03-05 20:44:57'),
(100, 'repudiandae', 'Autem ut dolores aspernatur deserunt provident quod. Praesentium excepturi eum quasi exercitationem corrupti. Quo ullam voluptatum aliquid veniam. Eius tempora velit rem quos.', 251, 7, 8, '2019-03-05 20:44:57', '2019-03-05 20:44:57'),
(101, 'pariatur', 'Blanditiis non aut harum consequatur. Impedit et voluptas quia dicta in aperiam. Mollitia rerum ullam itaque et.', 228, 0, 6, '2019-03-05 20:45:07', '2019-03-05 20:45:07'),
(102, 'in', 'Id omnis non repellat facilis ut excepturi eveniet. Maiores dolor quis porro quia. Ea iste a ipsum molestiae dolorem sint fugiat voluptas. Fuga quasi molestias sed explicabo et consectetur id qui.', 885, 9, 4, '2019-03-05 20:45:07', '2019-03-05 20:45:07'),
(103, 'vero', 'Pariatur esse saepe non necessitatibus porro dicta perferendis. Aut ut eos aut voluptatibus. Deserunt aut atque delectus eveniet.', 694, 1, 17, '2019-03-05 20:45:07', '2019-03-05 20:45:07'),
(104, 'voluptatibus', 'Fuga temporibus velit assumenda porro consequuntur. Voluptas qui fuga quae tempore quam. Aut neque velit culpa velit soluta quo. Voluptatem tempora voluptas sed est molestiae.', 658, 3, 24, '2019-03-05 20:45:07', '2019-03-05 20:45:07'),
(105, 'ab', 'Iusto saepe tempore et ea unde et. Sapiente iste molestiae dicta optio excepturi sequi praesentium. Labore sequi laborum voluptates. Quis perferendis natus at et omnis ex.', 378, 8, 18, '2019-03-05 20:45:07', '2019-03-05 20:45:07'),
(106, 'corporis', 'Voluptate autem excepturi molestiae ab vitae autem. Tempora voluptas qui labore. Molestiae sed itaque aut iure. Culpa voluptatem deserunt veniam quos tenetur iure. Et vel in cum fugiat.', 939, 3, 30, '2019-03-05 20:45:07', '2019-03-05 20:45:07'),
(107, 'rem', 'Et illo voluptatem repellat necessitatibus maxime dolor minima. Sed quibusdam eaque sit molestiae. In quo hic earum veritatis dolorum a reprehenderit.', 200, 9, 14, '2019-03-05 20:45:07', '2019-03-05 20:45:07'),
(108, 'laborum', 'Qui harum rerum eum vitae non. Magni praesentium ullam voluptas ut fugiat. Consectetur veritatis quo voluptatem aut voluptas doloremque.', 408, 9, 21, '2019-03-05 20:45:07', '2019-03-05 20:45:07'),
(109, 'doloremque', 'Non numquam aperiam voluptatum fugit quo error distinctio. Veniam architecto tempore vel at nihil odio laborum. Accusantium quaerat eum qui qui ipsum eius.', 345, 2, 27, '2019-03-05 20:45:07', '2019-03-05 20:45:07'),
(110, 'sed', 'Aliquam quidem deleniti magni hic. Quia eum ipsum inventore voluptatibus. Iure placeat deleniti omnis sit libero quisquam sit culpa. Dolores voluptatem sed recusandae sapiente.', 597, 2, 8, '2019-03-05 20:45:07', '2019-03-05 20:45:07'),
(111, 'libero', 'Enim eum molestias est cumque quo quia. Quasi error soluta possimus dolor dolor nostrum. Laudantium nisi dicta quod mollitia commodi.', 861, 2, 22, '2019-03-05 20:45:07', '2019-03-05 20:45:07'),
(112, 'vel', 'Incidunt neque nihil delectus et magni. Ut exercitationem maiores aut aut cupiditate quibusdam. Debitis doloremque illo quaerat at.', 517, 7, 10, '2019-03-05 20:45:07', '2019-03-05 20:45:07'),
(113, 'error', 'Maxime et quibusdam in consequatur. Eos quia quis id voluptatibus asperiores maiores. Nobis sit deleniti consequatur quae eveniet sed.', 689, 1, 30, '2019-03-05 20:45:07', '2019-03-05 20:45:07'),
(114, 'quisquam', 'Quam minus laborum aut est voluptatem temporibus qui et. Eos ipsa illum nostrum quia qui. Facere cum ex optio voluptates autem officia quia. Nulla molestiae quam dolorem dolorem esse dolores vel.', 123, 5, 15, '2019-03-05 20:45:07', '2019-03-05 20:45:07'),
(115, 'et', 'Soluta fuga placeat ut repudiandae nemo velit voluptatem necessitatibus. Et numquam tenetur iure ut eos minus voluptatem ut. Exercitationem nobis temporibus ratione tenetur alias.', 732, 5, 24, '2019-03-05 20:45:07', '2019-03-05 20:45:07'),
(116, 'atque', 'Unde inventore non magnam repudiandae eos maiores aliquam. Omnis reiciendis voluptatem harum expedita praesentium. Pariatur odit porro quam odit.', 491, 9, 29, '2019-03-05 20:45:07', '2019-03-05 20:45:07'),
(117, 'eum', 'Molestias earum aliquid quidem qui nihil esse quibusdam culpa. Quia qui molestias occaecati necessitatibus. Excepturi omnis dicta repellendus aut voluptas. Quo saepe quidem in animi et.', 334, 0, 9, '2019-03-05 20:45:07', '2019-03-05 20:45:07'),
(118, 'dolore', 'Enim sequi hic sunt omnis esse tenetur molestias. Aut similique sed est cumque qui dolore minima. Ut distinctio ut et voluptas. Aperiam ea iure possimus cupiditate.', 663, 7, 11, '2019-03-05 20:45:07', '2019-03-05 20:45:07'),
(119, 'a', 'Occaecati est dicta eius voluptate dolore. Mollitia molestias aut tenetur aut unde dolores nulla ducimus. Illum cumque perspiciatis sed tempore voluptatem placeat beatae provident. Amet ad et ut tempora ab inventore aut.', 145, 4, 24, '2019-03-05 20:45:07', '2019-03-05 20:45:07'),
(120, 'earum', 'Eveniet voluptatibus ut sed minus quas quia. Vel reiciendis ut ratione qui quod. Eum molestias dolore et sit. A dicta eveniet itaque occaecati optio.', 288, 0, 4, '2019-03-05 20:45:07', '2019-03-05 20:45:07'),
(121, 'dolor', 'Quibusdam quia perspiciatis maiores laudantium voluptate. Quas aliquam ullam soluta temporibus repudiandae. Dignissimos ullam repellendus mollitia quo et voluptatem quod. Corporis ipsam officiis fugiat sed sequi. Voluptate molestias expedita sint quas in rem sit.', 179, 0, 5, '2019-03-05 20:45:08', '2019-03-05 20:45:08'),
(122, 'quia', 'Eos dolor ipsa autem eum possimus sapiente culpa. Inventore repellat sed veritatis modi. Velit eos repellat consequatur voluptatem ea sint autem minus. Ipsa similique tempora molestiae voluptatum animi commodi.', 394, 1, 7, '2019-03-05 20:45:08', '2019-03-05 20:45:08'),
(123, 'voluptatem', 'Inventore expedita quis eveniet nobis totam eaque. Non quidem ullam deleniti fuga qui reprehenderit.', 677, 2, 16, '2019-03-05 20:45:08', '2019-03-05 20:45:08'),
(124, 'omnis', 'Aut voluptatem fuga consequatur facilis vel explicabo. Quis aspernatur dolore dolor enim qui. Est eum porro ut alias quod.', 426, 4, 7, '2019-03-05 20:45:08', '2019-03-05 20:45:08'),
(125, 'temporibus', 'Quis blanditiis ut et esse. Earum amet perspiciatis labore facere eum ea vitae. Commodi amet suscipit ipsam aperiam sunt. Hic dicta excepturi voluptatibus ex autem dignissimos voluptas.', 679, 5, 14, '2019-03-05 20:45:08', '2019-03-05 20:45:08'),
(126, 'doloremque', 'Odio dolor consequuntur sit tenetur. Deserunt praesentium quod at ex dolore omnis hic. Id magnam sint non neque animi.', 301, 4, 7, '2019-03-05 20:45:08', '2019-03-05 20:45:08'),
(127, 'quia', 'Ea maiores assumenda in voluptas. Repudiandae ut dolore quod illum et assumenda amet voluptatibus. Iusto voluptas cupiditate ut qui facilis aliquid doloremque.', 715, 8, 18, '2019-03-05 20:45:08', '2019-03-05 20:45:08'),
(128, 'ut', 'Expedita distinctio in unde maxime dicta atque. Repudiandae qui corrupti est et quia vero.', 322, 3, 12, '2019-03-05 20:45:08', '2019-03-05 20:45:08'),
(129, 'ad', 'Ratione architecto sed nisi sint dolore. A repellat suscipit omnis unde. Adipisci omnis ratione enim dolor dicta illo illo.', 743, 0, 4, '2019-03-05 20:45:08', '2019-03-05 20:45:08'),
(130, 'quia', 'Ut molestiae sed impedit qui. Voluptas nihil explicabo exercitationem ut minus. Id occaecati voluptate voluptate velit eaque non natus. Voluptatum voluptatum et inventore non.', 745, 1, 15, '2019-03-05 20:45:08', '2019-03-05 20:45:08'),
(131, 'est', 'Possimus repellendus quia eum omnis ea voluptatibus. Ratione maiores quam rem non dolores. Ut sit voluptas hic sint consequatur omnis assumenda. Maiores commodi est expedita dolor delectus.', 138, 6, 3, '2019-03-05 20:45:08', '2019-03-05 20:45:08'),
(132, 'ut', 'Recusandae est ab fugit debitis facere temporibus. Sed dolorem et qui. Rerum nihil voluptatem fugiat optio dicta.', 606, 3, 23, '2019-03-05 20:45:08', '2019-03-05 20:45:08'),
(133, 'impedit', 'Voluptatibus et rerum aut sapiente illum porro amet. Minus quo pariatur voluptatibus est blanditiis omnis omnis. Ab atque et optio deserunt ratione minus enim odit. Omnis quia rerum aspernatur dolorem alias consequatur.', 339, 4, 14, '2019-03-05 20:45:08', '2019-03-05 20:45:08'),
(134, 'qui', 'Exercitationem illo quia facere cum expedita aut dolores. Incidunt neque ratione dolorem labore. Accusantium voluptas quidem culpa magni ipsam soluta.', 907, 0, 16, '2019-03-05 20:45:08', '2019-03-05 20:45:08'),
(135, 'quia', 'Sit ex dolores sed. Facilis iusto nemo qui et ullam. Dicta facilis voluptas quo soluta.', 961, 6, 26, '2019-03-05 20:45:08', '2019-03-05 20:45:08'),
(136, 'dolorem', 'Reprehenderit ut et vel recusandae minus. Dolorem ut exercitationem amet nisi. Ea amet recusandae nobis excepturi.', 479, 0, 30, '2019-03-05 20:45:08', '2019-03-05 20:45:08'),
(137, 'commodi', 'Autem repellat reiciendis facere non. Facere dolore ratione velit aut et quaerat debitis. Esse est distinctio optio quo cum laboriosam. Recusandae voluptate suscipit deserunt dolores deserunt sunt.', 436, 1, 22, '2019-03-05 20:45:08', '2019-03-05 20:45:08'),
(138, 'quasi', 'Hic illo natus dignissimos voluptatem quasi. Non voluptates est molestiae ex sint odio perferendis eligendi. Quia voluptatibus illum dolorem temporibus quasi facilis exercitationem.', 596, 8, 2, '2019-03-05 20:45:08', '2019-03-05 20:45:08'),
(139, 'inventore', 'Veritatis ipsam maxime fugiat magni ipsa deleniti. Voluptatibus eaque quaerat odio sequi ratione sapiente illo quisquam. Mollitia repudiandae minima placeat eos minus. Vel iure eaque minima doloribus dolor alias. Nemo eos sed possimus sit omnis blanditiis dolorem quas.', 288, 9, 9, '2019-03-05 20:45:08', '2019-03-05 20:45:08'),
(140, 'eum', 'Totam esse et ipsa atque doloremque qui. Culpa tempore tempora laudantium qui.', 453, 9, 22, '2019-03-05 20:45:08', '2019-03-05 20:45:08'),
(141, 'optio', 'Ut dignissimos incidunt fugiat sed facilis est. Hic ipsam et quo officia nihil aliquid. Ut accusamus ipsam ad et esse. Fuga natus libero ipsa nihil delectus odit.', 540, 0, 2, '2019-03-05 20:45:08', '2019-03-05 20:45:08'),
(142, 'harum', 'Alias quidem incidunt quisquam pariatur rerum veniam dolores. Iusto qui earum fuga dolor. Veniam optio laborum corporis.', 123, 7, 17, '2019-03-05 20:45:08', '2019-03-05 20:45:08'),
(143, 'non', 'Atque quis aperiam sunt nostrum. Corrupti est id similique soluta harum eos delectus. Rerum et eos et. Quasi omnis ut temporibus voluptatum quae.', 205, 9, 26, '2019-03-05 20:45:08', '2019-03-05 20:45:08'),
(144, 'quia', 'Ea quia ullam enim est consectetur quia. Nisi consequuntur est labore quo praesentium voluptates. Consequatur cum voluptate dolor distinctio provident alias repudiandae. Aut tenetur saepe velit ut veniam alias.', 439, 6, 9, '2019-03-05 20:45:08', '2019-03-05 20:45:08'),
(145, 'laboriosam', 'Optio vel culpa nulla ratione adipisci reprehenderit laborum omnis. Pariatur quia dolores et et consequatur iure soluta.', 973, 4, 3, '2019-03-05 20:45:08', '2019-03-05 20:45:08'),
(146, 'dolor', 'Adipisci incidunt quos distinctio et. Quis beatae corporis nisi fuga. Quod rerum sunt tempore. Eum omnis error doloremque est deleniti neque.', 519, 3, 10, '2019-03-05 20:45:08', '2019-03-05 20:45:08'),
(147, 'ipsa', 'Fugiat quam eum voluptatem ratione optio. Ut distinctio neque laudantium nemo et quo accusantium. Culpa esse voluptatem cum odio molestiae iure. Et aperiam neque sint officia quia.', 625, 5, 5, '2019-03-05 20:45:08', '2019-03-05 20:45:08'),
(148, 'animi', 'Odio ut voluptas rerum libero vel eum. Quia nihil delectus excepturi tenetur quia temporibus. Iste quia illum sint cumque.', 707, 2, 24, '2019-03-05 20:45:08', '2019-03-05 20:45:08'),
(149, 'eaque', 'Laborum voluptatem aspernatur eum aperiam. Repellendus enim reiciendis nesciunt quis beatae et doloremque recusandae. Quasi praesentium est non perferendis. Nobis et hic earum voluptatum. Et dolores maiores et vel.', 437, 5, 2, '2019-03-05 20:45:08', '2019-03-05 20:45:08'),
(150, 'temporibus', 'Omnis repellendus magnam voluptatem eos et qui at. Aut consectetur eum non aut error et labore. Possimus porro aperiam et sapiente nihil perferendis laborum nulla.', 258, 7, 30, '2019-03-05 20:45:08', '2019-03-05 20:45:08'),
(151, 'rem', 'Voluptates accusamus quos consectetur aperiam quaerat. Ab molestiae autem illum aspernatur odio. Consectetur animi quidem eos quas suscipit. Sit quos eos nulla.', 238, 0, 4, '2019-03-05 20:47:12', '2019-03-05 20:47:12'),
(152, 'sunt', 'Et vero rem quae exercitationem aut aut. Illum veritatis id consequuntur iusto beatae. Voluptatem aperiam vero quaerat magnam vel voluptatem similique. Magnam quia aperiam sed eum quae omnis. Et veritatis iste consectetur nulla aspernatur et quo.', 339, 6, 28, '2019-03-05 20:47:12', '2019-03-05 20:47:12'),
(153, 'est', 'Dolores ab aperiam reprehenderit. In unde tempora et facilis. Sint explicabo enim commodi et ipsam voluptas a. Quo pariatur qui saepe et necessitatibus.', 998, 0, 16, '2019-03-05 20:47:12', '2019-03-05 20:47:12'),
(154, 'aperiam', 'Et soluta ducimus ratione. Cum cumque fugiat nostrum non qui ut similique. Sed sit ducimus sed enim est. Nostrum voluptatibus quia repellendus qui dolor.', 231, 6, 16, '2019-03-05 20:47:12', '2019-03-05 20:47:12'),
(155, 'explicabo', 'Ut eius sint aut et officiis vel repudiandae. Deserunt eum velit autem ab distinctio. Exercitationem ratione et perferendis unde cupiditate sapiente. Adipisci qui iusto nulla.', 330, 7, 23, '2019-03-05 20:47:12', '2019-03-05 20:47:12'),
(156, 'dolorem', 'Rerum placeat incidunt unde repudiandae qui magnam. Aut molestiae quae dignissimos exercitationem est. Consequatur molestias vel dolor ipsa deserunt reiciendis. Placeat quos nihil maiores.', 178, 7, 15, '2019-03-05 20:47:12', '2019-03-05 20:47:12'),
(157, 'officia', 'Et minima et minima rerum non libero. Voluptas eos quam officiis beatae nesciunt enim provident. Dolores sapiente at sed perferendis aut. Voluptatem nobis omnis aspernatur ad rerum cumque.', 338, 1, 10, '2019-03-05 20:47:12', '2019-03-05 20:47:12'),
(158, 'sunt', 'Et veniam ab consequatur ullam. Ipsum nihil ab facilis hic necessitatibus. Facilis omnis qui illum quo nesciunt culpa.', 640, 7, 4, '2019-03-05 20:47:12', '2019-03-05 20:47:12'),
(159, 'harum', 'Omnis suscipit at neque ducimus est suscipit amet ut. Mollitia incidunt dignissimos facere ut nesciunt magni at sed. Dolor distinctio facilis vel quia aut quae autem qui. Sed quis nostrum similique et quis error qui.', 692, 9, 8, '2019-03-05 20:47:12', '2019-03-05 20:47:12'),
(160, 'culpa', 'Iste eum beatae facilis architecto. Et odio aliquam aut esse et voluptatum. Voluptatum voluptate veritatis beatae aut incidunt mollitia.', 322, 1, 6, '2019-03-05 20:47:12', '2019-03-05 20:47:12'),
(161, 'ut', 'Possimus voluptatibus dignissimos dignissimos tenetur voluptas laudantium. Qui deserunt repellendus dignissimos maiores quod. Qui deserunt impedit quia iure laborum necessitatibus qui. Et quas rerum soluta reprehenderit tempora qui rerum corrupti.', 912, 0, 26, '2019-03-05 20:47:12', '2019-03-05 20:47:12'),
(162, 'aut', 'In totam esse similique excepturi. Error velit eum est. Pariatur quidem enim adipisci autem non optio ut.', 991, 0, 19, '2019-03-05 20:47:13', '2019-03-05 20:47:13'),
(163, 'minima', 'Unde assumenda magnam rem eveniet id quae ipsum. Ut veniam cumque reprehenderit molestiae quia magni et. Sint quas laborum aut ea optio. A beatae minus rerum nisi. Numquam aperiam quisquam minus aut quis.', 434, 8, 23, '2019-03-05 20:47:13', '2019-03-05 20:47:13'),
(164, 'nam', 'Sequi eius eos aut repudiandae veniam ea autem tenetur. Nihil est voluptatem qui quae ad officiis temporibus. Voluptatem et distinctio accusamus et eum blanditiis.', 844, 5, 23, '2019-03-05 20:47:13', '2019-03-05 20:47:13'),
(165, 'dolor', 'Distinctio iure ex ab ad. Aspernatur in atque repudiandae sapiente quod saepe veniam. Odit provident asperiores illo nobis.', 508, 2, 20, '2019-03-05 20:47:13', '2019-03-05 20:47:13'),
(166, 'reiciendis', 'Libero nihil consequatur vitae et officiis. Quidem quia et sed inventore et deleniti. Est saepe et culpa voluptas saepe odio velit. Deleniti vel tempora eum ipsa similique eos voluptatem repudiandae. Beatae est voluptatem iure distinctio ullam.', 245, 0, 28, '2019-03-05 20:47:13', '2019-03-05 20:47:13'),
(167, 'reprehenderit', 'Non illum laborum quis sit eligendi. Rerum eligendi quis consequatur sed aut non. Enim quos dolorem ut ut.', 746, 5, 2, '2019-03-05 20:47:13', '2019-03-05 20:47:13'),
(168, 'dolore', 'Molestiae voluptates optio aliquam molestiae et. Maiores cumque velit error excepturi omnis sunt quod. Repudiandae quia corporis autem aut velit.', 762, 6, 15, '2019-03-05 20:47:13', '2019-03-05 20:47:13'),
(169, 'maiores', 'Repudiandae quisquam labore et hic. Cupiditate quibusdam adipisci at facilis mollitia alias modi. Dolore earum numquam nihil aperiam eaque ipsam.', 150, 2, 17, '2019-03-05 20:47:13', '2019-03-05 20:47:13'),
(170, 'id', 'Omnis veniam ab quis explicabo. Quia a ullam temporibus possimus velit. Ipsam omnis voluptatem eaque quae praesentium eum.', 472, 1, 13, '2019-03-05 20:47:13', '2019-03-05 20:47:13'),
(171, 'omnis', 'Nam officiis qui nisi qui autem natus eligendi dolor. Aut cum rerum eius sed. Nihil et voluptatem sapiente quis explicabo. Sequi quis quo id placeat provident.', 720, 9, 16, '2019-03-05 20:47:13', '2019-03-05 20:47:13'),
(172, 'consequuntur', 'Iusto delectus laudantium qui facilis. Non hic aspernatur impedit neque mollitia qui ea. Perferendis sit quisquam ducimus autem.', 622, 0, 5, '2019-03-05 20:47:13', '2019-03-05 20:47:13'),
(173, 'totam', 'Nobis suscipit explicabo eligendi esse aut expedita. Pariatur nihil ut perspiciatis ullam. Quis cumque ut consectetur quae incidunt et. Non sed cupiditate minus qui expedita veritatis officiis nulla.', 177, 1, 29, '2019-03-05 20:47:13', '2019-03-05 20:47:13'),
(174, 'consectetur', 'Consequatur mollitia aut ad temporibus minima error totam. Nesciunt assumenda dolorem veniam sit natus earum qui. Corporis dolor nobis qui repellendus neque. Corporis mollitia amet et accusamus.', 144, 5, 21, '2019-03-05 20:47:13', '2019-03-05 20:47:13'),
(175, 'ex', 'Molestias reprehenderit ut praesentium dolorum sit. Et qui dolores reiciendis deleniti. Labore rerum sit quia sit autem suscipit maiores.', 645, 0, 25, '2019-03-05 20:47:13', '2019-03-05 20:47:13'),
(176, 'commodi', 'Quod saepe rerum excepturi qui qui rerum. Est quia consectetur et impedit esse enim laudantium. Cum voluptates quo voluptate atque officia minima exercitationem repudiandae.', 255, 3, 26, '2019-03-05 20:47:13', '2019-03-05 20:47:13'),
(177, 'consequatur', 'Quas magnam dolores id similique minima asperiores nihil in. Repellat sapiente possimus aut odio veritatis. Aliquid alias rerum eos ipsum et laborum iure. Aliquid optio accusamus asperiores voluptas illum in esse.', 309, 9, 26, '2019-03-05 20:47:13', '2019-03-05 20:47:13'),
(178, 'eligendi', 'Veritatis voluptas debitis esse. Quo exercitationem voluptas cum iste. Neque voluptatem et vero molestiae totam ex.', 469, 4, 23, '2019-03-05 20:47:13', '2019-03-05 20:47:13'),
(179, 'accusantium', 'Aut dolor ullam alias saepe voluptas animi. Dolorem quia optio molestiae magni ea nulla ex. Omnis nulla vero quia nihil. Et modi accusamus eos animi.', 295, 9, 10, '2019-03-05 20:47:13', '2019-03-05 20:47:13'),
(180, 'libero', 'Et vero debitis minus laborum minus. Laudantium nam voluptatem error. Dicta omnis est autem voluptate sapiente maxime aut ab.', 690, 9, 8, '2019-03-05 20:47:13', '2019-03-05 20:47:13'),
(181, 'aperiam', 'Quis dolorum adipisci vero esse. Qui rerum hic corrupti ratione ratione doloremque. Delectus porro sunt pariatur dicta rem. Aut ab est saepe quasi est.', 268, 8, 4, '2019-03-05 20:47:13', '2019-03-05 20:47:13'),
(182, 'ratione', 'Consectetur et rerum dolores doloremque necessitatibus magnam eaque. Laboriosam molestias tenetur laborum laboriosam. Nisi ipsam sit dolor blanditiis. Tenetur itaque amet possimus minima non.', 149, 9, 14, '2019-03-05 20:47:13', '2019-03-05 20:47:13'),
(183, 'eveniet', 'Quae et asperiores ut ea omnis. Eius dolor quo vel ipsa est non perspiciatis. Fugiat non omnis possimus error architecto quo amet. Consequatur et natus quasi totam quia dolores laborum facere. Sint iusto commodi officiis dolor.', 702, 1, 10, '2019-03-05 20:47:13', '2019-03-05 20:47:13'),
(184, 'nihil', 'Distinctio ipsum animi dolores illo occaecati tenetur aut. Amet enim velit ut ut occaecati dolorum.', 265, 5, 29, '2019-03-05 20:47:13', '2019-03-05 20:47:13'),
(185, 'cum', 'Consectetur aspernatur aut nisi vitae. Suscipit quia eveniet porro soluta. Rerum et exercitationem sunt accusantium voluptatem dignissimos dolorem.', 165, 2, 15, '2019-03-05 20:47:13', '2019-03-05 20:47:13'),
(186, 'et', 'Aut reprehenderit aspernatur facere tenetur explicabo unde eos. Commodi nemo tempora voluptatibus est ea et aut. Est commodi inventore aut.', 909, 6, 3, '2019-03-05 20:47:13', '2019-03-05 20:47:13'),
(187, 'hic', 'Consequuntur ex voluptatem est. Quis est animi consectetur quidem esse. Rerum delectus sit explicabo. Qui labore tempora culpa voluptas dolore quia. Voluptate modi suscipit suscipit.', 484, 4, 15, '2019-03-05 20:47:13', '2019-03-05 20:47:13'),
(188, 'omnis', 'Omnis consequatur aspernatur asperiores consectetur voluptatum velit. Est magni ut inventore aut suscipit esse omnis. Vel veniam alias voluptas reprehenderit. Omnis labore mollitia ipsam sit. Voluptatum possimus illum qui unde ipsam numquam.', 564, 3, 22, '2019-03-05 20:47:13', '2019-03-05 20:47:13'),
(189, 'officia', 'Ad sed mollitia ea. Perspiciatis repellat et et nam. Ut odio aspernatur minus. Non sequi in eos.', 878, 7, 2, '2019-03-05 20:47:13', '2019-03-05 20:47:13'),
(190, 'nesciunt', 'Minus aut ullam voluptatibus maxime. In nam nihil repudiandae et. Incidunt quo quia tempora at non. Enim commodi vel aut optio corrupti placeat.', 748, 3, 26, '2019-03-05 20:47:13', '2019-03-05 20:47:13'),
(191, 'quam', 'Quas officia neque voluptates odit voluptates quos temporibus. Quaerat ea delectus illum adipisci et aperiam. Delectus molestias et molestias qui nisi et qui. Ut non et placeat minus.', 573, 4, 12, '2019-03-05 20:47:14', '2019-03-05 20:47:14'),
(192, 'laborum', 'Natus unde aut minus qui. Accusamus assumenda blanditiis facere voluptatibus ea voluptatem. Aut ut et praesentium deserunt. Enim dolores similique et nesciunt rem tenetur.', 487, 0, 24, '2019-03-05 20:47:14', '2019-03-05 20:47:14'),
(193, 'minima', 'Libero aut aspernatur consectetur veritatis. Saepe esse fugit eum sed dolorem quam voluptatem. Quaerat voluptate voluptatum corporis ex veniam consequuntur aspernatur. Atque omnis ea error minus.', 193, 6, 17, '2019-03-05 20:47:14', '2019-03-05 20:47:14'),
(194, 'possimus', 'Non perspiciatis aliquam est distinctio et. Enim deserunt neque consequatur aut deserunt rem ducimus. Id voluptas beatae placeat.', 511, 1, 20, '2019-03-05 20:47:14', '2019-03-05 20:47:14'),
(195, 'consequatur', 'Magnam aliquid aut est dolore. Et ipsa qui omnis assumenda similique. Temporibus earum fugit quibusdam tempore. Nisi cum corporis doloremque molestiae. Et in aut autem.', 626, 2, 5, '2019-03-05 20:47:14', '2019-03-05 20:47:14'),
(196, 'quo', 'Minima officia officiis iste amet. Cum blanditiis ipsam nisi provident consequuntur aut. Placeat aliquid dolor provident et rerum laborum quo. Minima sit exercitationem veritatis eum vero in.', 412, 4, 26, '2019-03-05 20:47:14', '2019-03-05 20:47:14'),
(197, 'ipsa', 'Tempore fugiat sed accusamus rerum quasi sapiente ipsam. Accusantium eum et cupiditate ratione cumque. Perferendis et nam harum.', 744, 9, 24, '2019-03-05 20:47:14', '2019-03-05 20:47:14'),
(198, 'corrupti', 'Tempora fuga optio nihil provident quasi animi nihil reprehenderit. Voluptatibus natus deleniti reprehenderit tenetur corrupti eaque ut. Facere atque voluptatem cupiditate qui occaecati quibusdam recusandae. Provident ipsam laborum dolores cumque earum distinctio. Aliquid consequatur qui explicabo commodi voluptatum.', 376, 7, 9, '2019-03-05 20:47:14', '2019-03-05 20:47:14'),
(199, 'velit', 'Eius dolores adipisci non reprehenderit maxime qui ab. Omnis voluptatem asperiores sit ea molestiae occaecati.', 450, 1, 2, '2019-03-05 20:47:14', '2019-03-05 20:47:14'),
(200, 'ipsam', 'Nulla quis quo cumque assumenda. Corrupti velit nemo voluptatem dolorem recusandae facilis. Doloremque consequatur ducimus voluptates asperiores quis ut sint eum.', 769, 3, 10, '2019-03-05 20:47:14', '2019-03-05 20:47:14'),
(201, 'et', 'Sed occaecati est pariatur consequuntur quae soluta aut. Eligendi similique inventore molestiae. Vero vel inventore qui maxime iusto sequi possimus. Non aspernatur iure quae vero a sapiente.', 455, 1, 18, '2019-03-05 20:50:55', '2019-03-05 20:50:55'),
(202, 'ab', 'Commodi reprehenderit quasi numquam vero facere earum. Enim perferendis et natus et. Beatae quae magni non praesentium delectus. Laboriosam rerum voluptatem magni dolorem dolore sint non.', 828, 5, 19, '2019-03-05 20:50:55', '2019-03-05 20:50:55'),
(203, 'dolores', 'Quibusdam aliquam dolorem voluptatibus officia. Suscipit odit ex accusantium. Dolores dolores voluptatem voluptas voluptatem distinctio.', 537, 5, 20, '2019-03-05 20:50:55', '2019-03-05 20:50:55'),
(204, 'omnis', 'Nisi officia dignissimos sint ullam quis dicta ratione. Ut in omnis est fugiat. Suscipit praesentium itaque aut at totam mollitia.', 986, 0, 4, '2019-03-05 20:50:55', '2019-03-05 20:50:55'),
(205, 'perspiciatis', 'Ullam nobis nobis cum. Accusamus et in doloremque commodi velit quisquam.', 779, 0, 10, '2019-03-05 20:50:55', '2019-03-05 20:50:55'),
(206, 'voluptate', 'Recusandae aut rem similique qui error non reprehenderit quidem. Aliquam voluptates ea ut.', 844, 9, 6, '2019-03-05 20:50:55', '2019-03-05 20:50:55'),
(207, 'et', 'Tempora molestias quidem qui sunt et. Animi officiis enim est odio aperiam inventore. Dicta vel voluptatem necessitatibus error quidem est. Nesciunt recusandae at dolorem distinctio est adipisci dolorem.', 599, 3, 7, '2019-03-05 20:50:55', '2019-03-05 20:50:55'),
(208, 'aperiam', 'Voluptatem dolores pariatur omnis cum excepturi. Id illum doloribus illo ipsam nihil et et. Voluptates magnam ipsa consequatur.', 594, 3, 23, '2019-03-05 20:50:55', '2019-03-05 20:50:55'),
(209, 'aliquid', 'Nam illum dolores dignissimos enim voluptatem molestiae quo ipsa. Qui at vel animi aut ab repudiandae. Sint autem optio veniam minima voluptatum. Minima aliquid consequatur asperiores et. Corrupti voluptatem reiciendis officia.', 398, 0, 12, '2019-03-05 20:50:55', '2019-03-05 20:50:55'),
(210, 'omnis', 'Quisquam quo impedit est adipisci exercitationem optio perspiciatis. Error debitis repudiandae expedita repudiandae adipisci eveniet. Cum perspiciatis est quisquam atque et error odit. Ab quo ut hic.', 587, 3, 3, '2019-03-05 20:50:55', '2019-03-05 20:50:55'),
(211, 'et', 'Deserunt sit molestiae inventore aperiam voluptatibus. Tempore eos quis dolores. Et nisi odio corrupti ullam ut deserunt. Harum animi rerum quo.', 700, 1, 6, '2019-03-05 20:50:55', '2019-03-05 20:50:55'),
(212, 'excepturi', 'Voluptas et quibusdam soluta corporis eum tempora. Sed maiores voluptas debitis ipsam. Dolorem earum distinctio labore quos error. Commodi fuga occaecati enim quos ut.', 382, 8, 16, '2019-03-05 20:50:55', '2019-03-05 20:50:55');
INSERT INTO `products` (`id`, `name`, `detail`, `price`, `stock`, `discount`, `created_at`, `updated_at`) VALUES
(213, 'sapiente', 'Maxime molestias quo beatae beatae est velit. Doloribus sint voluptas consequatur quia quaerat explicabo blanditiis. Vero at dolor voluptas qui quis deserunt est molestiae.', 863, 6, 24, '2019-03-05 20:50:55', '2019-03-05 20:50:55'),
(214, 'omnis', 'Alias quia totam voluptatem qui aliquam. Ullam sit facere perspiciatis sit quos soluta et. Aliquid qui illum cum. Et deserunt consequatur reprehenderit deserunt.', 808, 9, 25, '2019-03-05 20:50:56', '2019-03-05 20:50:56'),
(215, 'perferendis', 'Assumenda earum id delectus nemo quis et sit fugiat. A a deserunt consequatur veniam qui. Dolorem ab architecto laudantium.', 866, 7, 3, '2019-03-05 20:50:56', '2019-03-05 20:50:56'),
(216, 'officia', 'Vitae vel impedit dolore ullam. Sequi quia blanditiis fuga officiis nostrum sit. Perferendis sint commodi et rerum officiis exercitationem atque. Rerum error ducimus perspiciatis corrupti id in.', 453, 0, 2, '2019-03-05 20:50:56', '2019-03-05 20:50:56'),
(217, 'et', 'Sit nam sequi sit saepe consequatur. Quod voluptatem voluptatem repudiandae est. Est quaerat fugiat quam nihil. In repudiandae maxime sequi ut ex possimus.', 778, 1, 8, '2019-03-05 20:50:56', '2019-03-05 20:50:56'),
(218, 'in', 'Reprehenderit id in corrupti dolor in. Quam laborum tempore ut aut pariatur dolore et. Ratione nesciunt possimus quos sequi et. Qui et voluptas est voluptatem excepturi.', 287, 8, 11, '2019-03-05 20:50:56', '2019-03-05 20:50:56'),
(219, 'aspernatur', 'Dicta placeat animi dolorem dolores labore quis sunt. Minima qui dolorem sint. Dolor et occaecati quam aut. Asperiores rerum eos rerum quia.', 618, 9, 5, '2019-03-05 20:50:56', '2019-03-05 20:50:56'),
(220, 'consequuntur', 'Recusandae omnis aspernatur molestias ut. Quidem et est magni culpa sed iure. Voluptatem fugit sequi unde dicta. Expedita dignissimos porro nemo quam atque repellendus.', 720, 5, 27, '2019-03-05 20:50:56', '2019-03-05 20:50:56'),
(221, 'molestiae', 'Quis ut vel suscipit cum repellendus. Voluptas qui maxime molestiae ipsa. Ut iure officia incidunt suscipit. Numquam pariatur atque excepturi quaerat cumque tenetur.', 521, 9, 13, '2019-03-05 20:50:56', '2019-03-05 20:50:56'),
(222, 'accusantium', 'Iste cum earum voluptate vitae occaecati libero. Aliquam ut nulla voluptatem dicta ea rem. Ad omnis doloremque atque amet aut cumque necessitatibus. Et expedita eligendi quia voluptatem modi et itaque voluptatem.', 704, 7, 25, '2019-03-05 20:50:56', '2019-03-05 20:50:56'),
(223, 'natus', 'Nihil possimus blanditiis soluta molestiae modi enim quia error. Fugiat molestiae nobis tempora pariatur ut ea architecto. Earum optio non provident. Magni eveniet repellat sunt veniam sit.', 878, 7, 24, '2019-03-05 20:50:56', '2019-03-05 20:50:56'),
(224, 'quia', 'Numquam cupiditate fuga sapiente sint magni tempora maiores. Quod voluptatem non voluptatem rerum dolores. Cumque deleniti aperiam voluptates consequatur.', 941, 9, 13, '2019-03-05 20:50:56', '2019-03-05 20:50:56'),
(225, 'quo', 'Maiores ullam odit officia consequatur doloremque. Soluta voluptas voluptatem natus voluptates tempore nihil quis.', 388, 6, 26, '2019-03-05 20:50:56', '2019-03-05 20:50:56'),
(226, 'quibusdam', 'Dignissimos facilis dolorem in et nemo molestiae dolorem. Voluptatibus iure inventore quasi rerum sint distinctio itaque. Id est ipsam nam nobis omnis et commodi. Architecto officiis eos et temporibus neque. Eum repellat ut laudantium excepturi sint.', 390, 0, 25, '2019-03-05 20:50:56', '2019-03-05 20:50:56'),
(227, 'rem', 'Aut nam vitae nobis dolor ratione ipsum consequuntur alias. Exercitationem est molestias quam id veritatis. Qui aut illo modi quaerat molestiae aliquid quae. Totam quia odit laborum explicabo nihil quis voluptas.', 736, 2, 11, '2019-03-05 20:50:56', '2019-03-05 20:50:56'),
(228, 'aut', 'Autem aut delectus alias ullam. In laudantium cumque quos suscipit molestias laborum cumque. Provident vitae blanditiis sapiente cum. Quam iste voluptas consequatur dolorem nostrum nisi sequi.', 777, 4, 14, '2019-03-05 20:50:56', '2019-03-05 20:50:56'),
(229, 'eos', 'Ad sed non tenetur recusandae. Expedita est atque et nisi harum rerum praesentium libero. Est voluptatem dicta nesciunt omnis esse natus iure assumenda. Corrupti aut iste aut ut porro.', 887, 9, 30, '2019-03-05 20:50:56', '2019-03-05 20:50:56'),
(230, 'necessitatibus', 'Totam tenetur sed qui eius animi cum. Ullam molestiae iste esse molestias aut delectus. Perspiciatis rerum debitis in.', 349, 0, 30, '2019-03-05 20:50:56', '2019-03-05 20:50:56'),
(231, 'quis', 'Voluptatem nihil ut ut est aperiam. Nihil omnis nihil corporis. Voluptas sequi qui aut qui.', 394, 2, 15, '2019-03-05 20:50:56', '2019-03-05 20:50:56'),
(232, 'ad', 'Dicta quia ratione et autem eum et assumenda unde. Minus id voluptatem magnam blanditiis sunt.', 535, 9, 11, '2019-03-05 20:50:56', '2019-03-05 20:50:56'),
(233, 'cupiditate', 'Veniam eum blanditiis aut reiciendis velit omnis dolorem. Eveniet labore doloremque eveniet veniam et libero.', 986, 4, 26, '2019-03-05 20:50:56', '2019-03-05 20:50:56'),
(234, 'enim', 'Sit at autem enim ex commodi. Voluptatem omnis nostrum esse. Laborum dignissimos temporibus fuga architecto quo rerum cumque facere.', 400, 6, 22, '2019-03-05 20:50:56', '2019-03-05 20:50:56'),
(235, 'perferendis', 'Qui voluptas voluptas est autem tenetur tempore. Vel sunt autem numquam consequatur consequatur. Voluptas ipsum autem alias aliquid sit.', 847, 8, 22, '2019-03-05 20:50:56', '2019-03-05 20:50:56'),
(236, 'sit', 'Minima molestiae quam qui quo. Nihil dignissimos eos soluta ut accusamus sit debitis. Non eum mollitia numquam doloribus dolorem corrupti.', 209, 6, 27, '2019-03-05 20:50:56', '2019-03-05 20:50:56'),
(237, 'debitis', 'Omnis numquam laudantium et saepe labore maxime non. Ipsum natus ex harum et iusto et. Fuga quas dolorem debitis itaque.', 438, 9, 27, '2019-03-05 20:50:56', '2019-03-05 20:50:56'),
(238, 'iste', 'Sit doloribus possimus nihil praesentium. Nihil quis quisquam rerum expedita cupiditate. Facere quas veniam dolorem adipisci minima. Sapiente temporibus sed dolores voluptates veritatis et.', 549, 0, 27, '2019-03-05 20:50:56', '2019-03-05 20:50:56'),
(239, 'minus', 'Est consequatur minus consectetur doloremque cupiditate eveniet quia eveniet. Enim quidem facilis est molestias in. Voluptatem molestias iusto perferendis. Eveniet vitae quod eaque error harum. Sed ut ea qui reprehenderit voluptatem sapiente.', 224, 7, 13, '2019-03-05 20:50:56', '2019-03-05 20:50:56'),
(240, 'et', 'Et commodi at quia quia omnis cumque et. Nobis consequuntur ipsam molestias quia aut.', 826, 5, 18, '2019-03-05 20:50:56', '2019-03-05 20:50:56'),
(241, 'ipsum', 'Consequatur qui aut in eaque. Laudantium quos sequi ut nulla. Aut deleniti culpa molestiae reiciendis et quia quisquam.', 154, 6, 21, '2019-03-05 20:50:56', '2019-03-05 20:50:56'),
(242, 'omnis', 'Omnis dicta id qui explicabo. Dolores eum excepturi eveniet possimus. Quia quae necessitatibus magni debitis eum ut dicta.', 272, 7, 17, '2019-03-05 20:50:56', '2019-03-05 20:50:56'),
(243, 'velit', 'Eum ad eligendi doloribus cupiditate. Quam ipsum autem eos et enim vel deleniti autem. Sint placeat accusantium deleniti accusantium libero tempora. Eum esse quis quod magnam vel.', 214, 4, 19, '2019-03-05 20:50:57', '2019-03-05 20:50:57'),
(244, 'quibusdam', 'Unde alias similique animi. Illum autem ipsa alias consequatur quis quod quaerat qui. Non illum inventore molestiae est.', 293, 6, 11, '2019-03-05 20:50:57', '2019-03-05 20:50:57'),
(245, 'dolor', 'Quo molestiae explicabo neque quod fugit necessitatibus. Et omnis totam et nisi at unde. Sint voluptas voluptatum cum qui voluptatem.', 801, 0, 10, '2019-03-05 20:50:57', '2019-03-05 20:50:57'),
(246, 'corporis', 'Inventore rerum ut similique odit sed nihil sit. Et molestiae cupiditate non consequatur earum. Et quam enim quos ipsam enim. Sapiente voluptas ex animi ipsam provident autem.', 953, 8, 13, '2019-03-05 20:50:57', '2019-03-05 20:50:57'),
(247, 'qui', 'Odio dolores eius dicta inventore. Reprehenderit nihil voluptatem totam est suscipit. Temporibus qui ratione est molestias quaerat laborum.', 851, 4, 13, '2019-03-05 20:50:57', '2019-03-05 20:50:57'),
(248, 'placeat', 'Magni qui vero et ut enim voluptatibus asperiores. Quos reiciendis eos id harum. Nemo eos hic ut commodi mollitia eaque qui. Tempora temporibus in qui cumque voluptatem dicta.', 205, 0, 8, '2019-03-05 20:50:57', '2019-03-05 20:50:57'),
(249, 'unde', 'Est maxime voluptatem molestiae. Ducimus ab omnis soluta. Voluptate deserunt maxime dolore id. Ratione ut aperiam ad pariatur.', 458, 5, 18, '2019-03-05 20:50:57', '2019-03-05 20:50:57'),
(250, 'ad', 'Exercitationem a eum sequi omnis iure. Accusamus fugit sit facere provident. Sed explicabo tempora sint animi et. Adipisci soluta aut omnis est deleniti cupiditate fugiat esse.', 269, 9, 22, '2019-03-05 20:50:57', '2019-03-05 20:50:57');

-- --------------------------------------------------------

--
-- Table structure for table `reviews`
--

CREATE TABLE `reviews` (
  `id` int(10) UNSIGNED NOT NULL,
  `product_id` int(10) UNSIGNED NOT NULL,
  `customer` varchar(191) COLLATE utf8mb4_unicode_ci NOT NULL,
  `review` text COLLATE utf8mb4_unicode_ci NOT NULL,
  `star` int(11) NOT NULL,
  `created_at` timestamp NULL DEFAULT NULL,
  `updated_at` timestamp NULL DEFAULT NULL
) ENGINE=InnoDB DEFAULT CHARSET=utf8mb4 COLLATE=utf8mb4_unicode_ci;

--
-- Dumping data for table `reviews`
--

INSERT INTO `reviews` (`id`, `product_id`, `customer`, `review`, `star`, `created_at`, `updated_at`) VALUES
(1, 198, 'Olaf Cassin', 'Provident quae voluptas dolore laboriosam quis. Quidem magni et voluptates laborum dolorem magni. Quia excepturi illum quod quibusdam. Consequatur provident ad facilis sunt.', 5, '2019-03-05 20:50:58', '2019-03-05 20:50:58'),
(2, 189, 'Leopoldo Jerde', 'Vel autem modi est eum. Facilis est illum et aut consequatur ullam et. Minus minima quo est voluptatem totam.', 1, '2019-03-05 20:50:58', '2019-03-05 20:50:58'),
(3, 140, 'Prof. Paula Hegmann III', 'Ipsa deleniti in qui occaecati ipsum nemo incidunt doloremque. Quia corrupti neque id rerum non quibusdam. Ullam accusantium quia ipsum. Voluptatem illum id dolore deserunt.', 0, '2019-03-05 20:50:58', '2019-03-05 20:50:58'),
(4, 72, 'Cayla Bosco', 'Exercitationem dolorum veniam magni nobis animi. Laboriosam animi ut aut qui enim dicta et. Eius quidem vero ipsam et amet enim quia.', 1, '2019-03-05 20:50:58', '2019-03-05 20:50:58'),
(5, 68, 'Aurelio Balistreri', 'Qui adipisci perferendis pariatur perferendis inventore unde beatae. Iure magnam qui dolorem et.', 4, '2019-03-05 20:50:58', '2019-03-05 20:50:58'),
(6, 160, 'Dr. Avis Morissette MD', 'Omnis dolor est ducimus distinctio consequatur fuga sit. Eaque maiores dolorem asperiores est autem aliquam cumque maxime. Aut quos ipsam velit rerum quas quae est.', 1, '2019-03-05 20:50:58', '2019-03-05 20:50:58'),
(7, 49, 'Eulalia Crooks', 'Et rem libero temporibus placeat odio nam. Sequi dolorum ratione hic aliquid unde. Aut occaecati dolorem cumque ex quia. Cumque ea facilis inventore aut nihil officia.', 0, '2019-03-05 20:50:58', '2019-03-05 20:50:58'),
(8, 15, 'Merritt Kovacek', 'Aut saepe accusantium esse. Officia nemo labore maxime dolores ut sequi qui nihil. Fuga numquam deleniti voluptates voluptatum voluptas. Quisquam occaecati magnam aut distinctio magni dolorem nesciunt.', 1, '2019-03-05 20:50:58', '2019-03-05 20:50:58'),
(9, 221, 'Ms. Darby Leannon III', 'Et error ratione mollitia modi velit quidem ipsum. Sit quia quasi ab est possimus temporibus. Fugit sint molestiae harum ullam voluptas accusantium.', 2, '2019-03-05 20:50:58', '2019-03-05 20:50:58'),
(10, 188, 'Rolando Murray III', 'Illo voluptatem ut atque voluptates labore magnam est. Aut et nisi ut tempora suscipit. Veritatis veniam eum velit sint explicabo ratione. Aut aut voluptatem ipsa impedit veniam vitae.', 5, '2019-03-05 20:50:58', '2019-03-05 20:50:58'),
(11, 168, 'Emmy Ankunding', 'Aperiam culpa illo dolores voluptate tempora doloremque perferendis atque. Et et et quis autem aspernatur et dolore perferendis. Occaecati repudiandae rerum aut consectetur reiciendis harum.', 5, '2019-03-05 20:50:58', '2019-03-05 20:50:58'),
(12, 75, 'Dorothy Langworth III', 'Id voluptatem quibusdam dolor nemo. Ratione et voluptate incidunt laboriosam. Sequi aut consectetur eius tempore debitis. Corrupti aliquam qui nisi deleniti officiis totam.', 5, '2019-03-05 20:50:59', '2019-03-05 20:50:59'),
(13, 141, 'Mrs. Vivian Mosciski IV', 'Alias aut ut rerum enim officiis nam illo. Qui soluta est et voluptatem cum. Voluptatum tempore vel distinctio cumque eum enim voluptates. Aperiam porro et rerum tempora.', 5, '2019-03-05 20:50:59', '2019-03-05 20:50:59'),
(14, 52, 'Antwon Schiller Sr.', 'A quo eius atque labore aut fugiat. Aliquid debitis eligendi explicabo est totam. Qui ea excepturi perspiciatis sunt. Quia est eaque quaerat ut.', 0, '2019-03-05 20:50:59', '2019-03-05 20:50:59'),
(15, 184, 'Jarrod Prosacco MD', 'Consequuntur et in sequi eos accusamus. Quidem nobis dicta officiis similique consequatur a rerum. Repudiandae cum similique rerum quidem recusandae. Delectus et quis beatae.', 5, '2019-03-05 20:50:59', '2019-03-05 20:50:59'),
(16, 193, 'Mr. Alexie Wilderman MD', 'Sed et excepturi maxime. Consectetur rerum aut facere quis ut voluptatum aut. Nobis quia dolorem mollitia eius.', 1, '2019-03-05 20:50:59', '2019-03-05 20:50:59'),
(17, 245, 'Ms. Lavada O\'Hara Sr.', 'Ducimus eum labore aut et nihil. Distinctio impedit aut sit rerum at fuga voluptas qui. Optio saepe voluptate neque quis non. Id blanditiis illo nemo nesciunt non. A aperiam sapiente voluptatem voluptas perspiciatis est pariatur eos.', 2, '2019-03-05 20:50:59', '2019-03-05 20:50:59'),
(18, 65, 'Grayce Kozey DVM', 'Qui cum velit et numquam beatae numquam blanditiis. Saepe sunt rerum sint maiores numquam ut maxime iusto. Et eos quo quae rerum aut autem fugiat fuga.', 0, '2019-03-05 20:50:59', '2019-03-05 20:50:59'),
(19, 18, 'Mateo Keeling IV', 'Illo voluptas dignissimos est sint. Aperiam laborum et velit deleniti veritatis. Hic doloremque error aut ut velit itaque quia. Voluptatum quia id ex.', 5, '2019-03-05 20:50:59', '2019-03-05 20:50:59'),
(20, 146, 'Dr. Alejandrin Maggio', 'Nihil in nisi amet perferendis. Non earum et non voluptatem odit.', 0, '2019-03-05 20:50:59', '2019-03-05 20:50:59'),
(21, 178, 'Dr. Gerhard Kunde', 'Autem quas distinctio earum illo minus eum voluptatem. Consequatur aperiam aut quisquam expedita iste sapiente sunt. Et accusamus cumque ut voluptas. Nam esse quod mollitia doloribus et reiciendis ut. Ut illum assumenda odit.', 2, '2019-03-05 20:50:59', '2019-03-05 20:50:59'),
(22, 57, 'Prof. Edmund Nitzsche', 'Corporis iste error eligendi. Velit consequatur consectetur aut in occaecati quod. Occaecati et minus itaque impedit facere.', 1, '2019-03-05 20:50:59', '2019-03-05 20:50:59'),
(23, 73, 'Carrie Beier', 'Sint cumque suscipit odit laudantium est blanditiis accusantium. Id qui quo placeat. Saepe ipsa modi suscipit.', 2, '2019-03-05 20:50:59', '2019-03-05 20:50:59'),
(24, 52, 'Prof. Jaydon Murazik', 'Sint minus sit necessitatibus est deleniti. Quia dolor ea veritatis voluptatem aut molestias voluptas. Est praesentium accusantium suscipit.', 1, '2019-03-05 20:50:59', '2019-03-05 20:50:59'),
(25, 58, 'Nelda Gleichner', 'Aut sequi quibusdam tempora consequatur officiis. Consequatur quo doloribus facere reiciendis ut. Accusantium qui voluptatem aut quos. Aut sunt in molestiae nisi dolores repudiandae sequi. Itaque eos doloremque recusandae fuga.', 5, '2019-03-05 20:50:59', '2019-03-05 20:50:59'),
(26, 76, 'Anjali Schaefer', 'Dolor ad voluptatem corrupti dolore iure. Beatae ad enim odit. Dolor tempora dolorum esse illo vel cumque assumenda dolor.', 5, '2019-03-05 20:50:59', '2019-03-05 20:50:59'),
(27, 36, 'Gudrun Yost', 'Provident sit sunt voluptatem qui iure ea. Iste enim rerum repudiandae sit expedita aut. Aut possimus numquam ea enim facilis.', 4, '2019-03-05 20:50:59', '2019-03-05 20:50:59'),
(28, 176, 'Dr. Georgette Kris', 'Sed autem eaque est et. Expedita eum pariatur omnis esse laboriosam odio sapiente voluptatem. Omnis et a velit explicabo esse blanditiis. Minus cumque dolorem qui eius.', 4, '2019-03-05 20:50:59', '2019-03-05 20:50:59'),
(29, 242, 'Domingo Bode', 'Repudiandae doloribus est qui ab quia velit. Repellat omnis ratione aut ut quidem corrupti. Et voluptatum sit voluptatibus et aut ipsa. Ut repellendus impedit nihil omnis.', 1, '2019-03-05 20:50:59', '2019-03-05 20:50:59'),
(30, 183, 'Nathen Harris', 'Impedit necessitatibus cumque impedit culpa aut sit. Eos iste magni velit accusamus. Sint quidem consequuntur excepturi harum.', 4, '2019-03-05 20:50:59', '2019-03-05 20:50:59'),
(31, 182, 'Kyle Considine', 'Nemo sint ipsam ab non numquam. Modi omnis consequatur laborum fugit aut veritatis sit.', 5, '2019-03-05 20:50:59', '2019-03-05 20:50:59'),
(32, 218, 'Francisca Keeling', 'Qui itaque incidunt aut assumenda. Consequatur nostrum nam eius. Magnam in laudantium possimus consequatur dolorem in. Officia dolorem eius dignissimos est officia tenetur.', 3, '2019-03-05 20:50:59', '2019-03-05 20:50:59'),
(33, 25, 'Bryce Bayer DVM', 'Sit corrupti eos vitae. Nostrum laudantium nulla sunt perferendis sequi ipsa. Rerum ut consectetur perferendis perferendis officia quibusdam. Vero omnis voluptas dolorem nisi voluptatem sunt.', 1, '2019-03-05 20:50:59', '2019-03-05 20:50:59'),
(34, 229, 'Isabel Ortiz', 'Culpa magnam sit quod nisi. Iusto natus placeat consectetur. Quam occaecati aspernatur non ea eum voluptates.', 0, '2019-03-05 20:50:59', '2019-03-05 20:50:59'),
(35, 243, 'Dr. Halie Nader', 'Fugiat a voluptatibus corporis. Vel quam omnis dolorem nemo exercitationem. Repellat qui illum aspernatur a aut odio. Omnis consequuntur quia optio hic.', 1, '2019-03-05 20:50:59', '2019-03-05 20:50:59'),
(36, 166, 'Adell Wilkinson', 'Molestiae doloribus deleniti ea et quo molestiae minima. Vel labore sunt eum quasi maxime voluptas ut. Qui quod expedita odio illum est voluptatem non. Optio dolor ducimus consequatur quidem neque aliquid.', 4, '2019-03-05 20:50:59', '2019-03-05 20:50:59'),
(37, 56, 'Marina Hessel', 'Nisi totam qui ipsa eveniet non officiis. Sapiente molestias deleniti est culpa rerum laborum dignissimos. Voluptas velit nihil nesciunt ullam asperiores dolores ducimus. Est dolorum beatae aut doloremque occaecati ut.', 3, '2019-03-05 20:50:59', '2019-03-05 20:50:59'),
(38, 13, 'Dr. Quinten Harris II', 'Consequatur adipisci maxime repellat repudiandae repellendus enim eligendi. Quod sunt distinctio consequatur omnis. Enim iste maiores iure eos in in fuga. Laborum nobis ipsam dolores sit quo.', 5, '2019-03-05 20:50:59', '2019-03-05 20:50:59'),
(39, 67, 'Jessyca McGlynn DDS', 'Harum facilis accusantium ducimus ut. Quia omnis minima voluptatem debitis aut adipisci.', 5, '2019-03-05 20:50:59', '2019-03-05 20:50:59'),
(40, 166, 'Ron Rohan', 'Omnis impedit aliquam eius quaerat. Laboriosam placeat saepe laborum velit in et. Id et animi inventore magni repellat.', 1, '2019-03-05 20:50:59', '2019-03-05 20:50:59'),
(41, 180, 'Francisca Ortiz', 'Quisquam non qui accusamus voluptas. Sed enim at earum non.', 2, '2019-03-05 20:50:59', '2019-03-05 20:50:59'),
(42, 8, 'Aniya Funk', 'Veniam libero corrupti minus sed ad. Architecto ut inventore sit officia. Incidunt placeat voluptatem quis sit quis sit culpa. Illum eius ut quod laudantium dignissimos et sint ipsum.', 0, '2019-03-05 20:50:59', '2019-03-05 20:50:59'),
(43, 121, 'Sebastian Breitenberg', 'Esse quae et minima qui reprehenderit dolorem corrupti. Voluptas molestiae sunt sequi est. Non architecto reprehenderit reprehenderit et eos harum.', 3, '2019-03-05 20:50:59', '2019-03-05 20:50:59'),
(44, 191, 'Cielo Ferry', 'In perspiciatis eligendi fugit iure delectus. Ut eligendi voluptatem est autem sunt maxime non dolorem. Enim expedita ut sunt rerum sunt dicta. Deserunt est tempora enim similique nihil.', 1, '2019-03-05 20:51:00', '2019-03-05 20:51:00'),
(45, 58, 'Gerry Sipes', 'Aspernatur soluta inventore ut aut. Ullam nihil temporibus tempora nihil ut vel hic laboriosam. Perferendis aut voluptas harum quibusdam molestiae. Eius culpa voluptas et consectetur omnis dolor.', 2, '2019-03-05 20:51:00', '2019-03-05 20:51:00'),
(46, 107, 'Mr. Glen Stroman IV', 'Tempora nam porro nobis. Tempore facere sunt qui deserunt. Laborum est animi et cupiditate occaecati consectetur vel quam.', 3, '2019-03-05 20:51:00', '2019-03-05 20:51:00'),
(47, 117, 'Mr. Marlon Wiegand', 'Nihil et eaque quasi laudantium dolor aut in. Rerum est quia nihil quas soluta sit consequatur. Distinctio voluptas tenetur culpa consequuntur.', 1, '2019-03-05 20:51:00', '2019-03-05 20:51:00'),
(48, 54, 'Keyon Berge IV', 'Nobis non sapiente consectetur est. Non consequatur exercitationem dolor qui est aspernatur voluptatem fugit. Dignissimos numquam aut ut quia labore corporis.', 0, '2019-03-05 20:51:00', '2019-03-05 20:51:00'),
(49, 93, 'Dr. Marcellus Cassin PhD', 'Sed ducimus repellendus fugit aperiam quo reiciendis quasi labore. Odio aut suscipit provident minima. Aut officiis aliquid velit reiciendis nesciunt similique eligendi.', 5, '2019-03-05 20:51:00', '2019-03-05 20:51:00'),
(50, 216, 'Madie Kihn', 'Ipsa dolores quod cupiditate in in. Quos amet quibusdam praesentium cupiditate. Suscipit qui dolore enim libero totam. Nobis nihil non et incidunt hic.', 3, '2019-03-05 20:51:00', '2019-03-05 20:51:00'),
(51, 49, 'Mabelle Reichel', 'Veritatis voluptatem voluptas excepturi. Eos quia enim sit rerum magnam.', 0, '2019-03-05 20:51:00', '2019-03-05 20:51:00'),
(52, 229, 'Julian Hayes', 'Rerum quisquam eos ut voluptas. Quo consequatur id nemo sunt earum facilis magnam aut. Animi eum molestias beatae architecto atque. Voluptatibus nulla illum vel esse modi rem.', 2, '2019-03-05 20:51:00', '2019-03-05 20:51:00'),
(53, 137, 'Rudy Gerlach', 'Nulla necessitatibus eum inventore fugit est. Dolor distinctio officiis et et est. Et doloremque quos ut labore inventore voluptas consequatur. Itaque occaecati placeat fuga assumenda.', 0, '2019-03-05 20:51:00', '2019-03-05 20:51:00'),
(54, 35, 'Janick Jast', 'Distinctio culpa repudiandae optio labore nemo. Quam sed sit sit. Et ut repellendus et ea excepturi. Sed itaque quo ea nesciunt voluptatem enim.', 0, '2019-03-05 20:51:00', '2019-03-05 20:51:00'),
(55, 63, 'Dr. Noemie Dooley', 'Est possimus et earum cumque. Qui in tempore excepturi aut est. Aut laboriosam ut qui sed debitis sapiente.', 0, '2019-03-05 20:51:00', '2019-03-05 20:51:00'),
(56, 66, 'Kody Gulgowski', 'Sed earum voluptates quas neque dolorum autem cum iure. Atque quos est facere ut. Facere sint et rerum quia quisquam commodi.', 2, '2019-03-05 20:51:00', '2019-03-05 20:51:00'),
(57, 19, 'Dr. Luis Watsica I', 'Aut at qui natus praesentium alias et. Quo beatae aliquid ratione voluptatem consequuntur modi.', 1, '2019-03-05 20:51:00', '2019-03-05 20:51:00'),
(58, 186, 'Vallie Stiedemann', 'Omnis voluptas impedit consectetur cupiditate labore ut. Et labore facilis est quam. Sed ducimus laborum facere quis accusamus enim molestiae.', 2, '2019-03-05 20:51:00', '2019-03-05 20:51:00'),
(59, 144, 'Miss Alvera Schuppe II', 'Nulla rerum iure quia quibusdam voluptas et voluptatem. Consequatur optio quia nostrum ut perspiciatis. Accusamus quod ut quo quis doloremque. Est qui quia aut magnam molestiae non quod sapiente. Voluptatem iste aliquid esse.', 5, '2019-03-05 20:51:00', '2019-03-05 20:51:00'),
(60, 137, 'Astrid West', 'Qui totam nemo aliquam voluptatem similique ipsum id. Fugiat voluptatem eos laborum quasi. Quia rerum quo et sint recusandae voluptatem harum.', 1, '2019-03-05 20:51:00', '2019-03-05 20:51:00'),
(61, 94, 'Camryn Abernathy', 'Est perspiciatis enim consectetur aut quae. Quasi pariatur totam error consequatur corrupti. Quam commodi nobis dolores voluptatum aut velit. Rerum in illo amet iusto est et est accusamus.', 3, '2019-03-05 20:51:00', '2019-03-05 20:51:00'),
(62, 9, 'Asia Hill', 'Sapiente qui ea omnis repellendus qui quaerat. Nostrum iure voluptatem ex. Alias libero deleniti et. Sint ut est iste non autem.', 5, '2019-03-05 20:51:00', '2019-03-05 20:51:00'),
(63, 147, 'Miss Summer Shields', 'Aperiam nulla necessitatibus odio nisi inventore. Dolores dignissimos vero dicta nihil qui. Est sit est numquam. Quia soluta ipsa dolores est.', 1, '2019-03-05 20:51:00', '2019-03-05 20:51:00'),
(64, 180, 'Marianne Gorczany', 'Dolorum atque omnis est nostrum expedita quaerat provident. Possimus consequatur consequuntur nisi deleniti. Dolore expedita cumque aspernatur quam eum sequi.', 5, '2019-03-05 20:51:00', '2019-03-05 20:51:00'),
(65, 48, 'Yasmin Langosh', 'Corporis ut pariatur esse velit dolore labore vero. Omnis beatae libero autem commodi. Numquam et ad quisquam consectetur quibusdam saepe aspernatur. Labore omnis officia quia delectus quidem.', 3, '2019-03-05 20:51:00', '2019-03-05 20:51:00'),
(66, 103, 'Marcel O\'Keefe', 'Commodi aut rerum perferendis et ut. Animi reiciendis facilis et non temporibus beatae. Quia dicta eos sit mollitia ipsa minima.', 2, '2019-03-05 20:51:00', '2019-03-05 20:51:00'),
(67, 229, 'Laila Walsh', 'Tenetur itaque error delectus doloribus sunt. Consequuntur ut architecto consequatur. Officiis et qui veritatis occaecati laudantium ducimus modi ex.', 5, '2019-03-05 20:51:00', '2019-03-05 20:51:00'),
(68, 81, 'Zita McDermott', 'Quo blanditiis sequi veniam hic nesciunt. Molestias et molestiae id possimus doloribus. Velit veniam dolor quibusdam error vel. Rem accusantium ut doloremque repellat nobis et quaerat omnis.', 0, '2019-03-05 20:51:00', '2019-03-05 20:51:00'),
(69, 172, 'Jaida Kreiger', 'Natus unde deleniti et non quaerat qui quo. Numquam voluptatem impedit ab vel inventore corrupti nulla. Officia nostrum quia corporis qui eos voluptas dolor molestiae. Voluptatum enim et voluptate exercitationem sit ut.', 2, '2019-03-05 20:51:00', '2019-03-05 20:51:00'),
(70, 233, 'Ferne Hermann', 'Unde ut cupiditate magni ipsam. Corporis sunt nihil debitis voluptas.', 5, '2019-03-05 20:51:00', '2019-03-05 20:51:00'),
(71, 96, 'Aletha Langworth', 'Culpa natus minima quod voluptas in. Et ipsum cum vel nostrum blanditiis quibusdam totam. Doloremque et et et expedita. Mollitia aspernatur sapiente laborum repellat qui voluptas.', 4, '2019-03-05 20:51:00', '2019-03-05 20:51:00'),
(72, 136, 'Billy Nicolas', 'Ab officia quia eveniet culpa veniam asperiores. Quasi quia nam sunt quis fugiat nostrum similique. Et nemo et ut deserunt dignissimos pariatur. Quisquam a commodi dolores natus sunt consequatur.', 3, '2019-03-05 20:51:00', '2019-03-05 20:51:00'),
(73, 1, 'Prof. Percy Kuphal', 'Sed suscipit dolorem quasi voluptas voluptatem et recusandae. Voluptate ducimus quod laudantium cumque dignissimos blanditiis nihil voluptas. Sint totam dignissimos magni minus vel. Voluptatibus hic non non tenetur fuga officiis.', 1, '2019-03-05 20:51:00', '2019-03-05 20:51:00'),
(74, 125, 'Mrs. Meggie Koelpin', 'Atque voluptatem voluptatum vero voluptas. Harum tenetur qui molestiae est rerum placeat ipsa. Eos sequi voluptatem sint. Et quae cumque voluptas error magnam.', 0, '2019-03-05 20:51:00', '2019-03-05 20:51:00'),
(75, 132, 'Devonte Hills', 'Autem quasi ut nihil iste ex velit odit. Exercitationem pariatur atque hic illum quo aperiam doloremque. Repellat iste voluptas labore facilis asperiores. Rerum voluptatem est ducimus minus culpa molestiae deserunt.', 5, '2019-03-05 20:51:01', '2019-03-05 20:51:01'),
(76, 142, 'Toney Beatty', 'Illum ut dolorem autem autem aut. Recusandae aut a laudantium saepe quia nisi. Repellat dolorem earum rem accusantium quis aut commodi quas.', 0, '2019-03-05 20:51:01', '2019-03-05 20:51:01'),
(77, 148, 'Elyssa Berge IV', 'Tenetur sapiente at eligendi. Voluptatibus assumenda eos in natus aut. Nam consequatur sunt sit velit molestias. Architecto voluptas voluptas enim et est iste.', 1, '2019-03-05 20:51:01', '2019-03-05 20:51:01'),
(78, 240, 'Zander O\'Reilly III', 'Repudiandae voluptas et aliquid dolore tempore laborum ipsam. Eveniet inventore atque praesentium molestias rerum nesciunt. Architecto recusandae maiores quod. Nam fugiat neque rerum qui odit expedita pariatur.', 5, '2019-03-05 20:51:01', '2019-03-05 20:51:01'),
(79, 12, 'Beverly Davis', 'Doloribus voluptatum iusto ipsum esse vitae in. Voluptatibus facilis ad nemo omnis maiores. Est omnis nihil iusto facere ullam.', 0, '2019-03-05 20:51:01', '2019-03-05 20:51:01'),
(80, 135, 'Miss Katelynn Renner IV', 'Vitae ratione vitae at nisi deserunt vel. Id earum deserunt perferendis. Nihil et quaerat ducimus.', 1, '2019-03-05 20:51:01', '2019-03-05 20:51:01'),
(81, 126, 'Noah Luettgen', 'Earum ipsa sed iure repudiandae modi. Id beatae corporis unde autem numquam et. Doloremque alias consequatur delectus dolores ut corporis.', 0, '2019-03-05 20:51:01', '2019-03-05 20:51:01'),
(82, 99, 'Mrs. Carolina Bartoletti I', 'Voluptas tempora iure saepe debitis harum voluptatum. Soluta dolorem ut aut velit. Et maxime unde ducimus voluptas incidunt aut.', 1, '2019-03-05 20:51:01', '2019-03-05 20:51:01'),
(83, 15, 'Raheem Bergstrom', 'Et quia eius culpa dolor. Et distinctio quae quis accusantium. Ipsum quaerat eligendi ad nulla nihil quia voluptas voluptatem. Nam asperiores magnam repudiandae soluta voluptatem.', 4, '2019-03-05 20:51:01', '2019-03-05 20:51:01'),
(84, 200, 'Kaelyn Swaniawski', 'Nihil eligendi harum et vel quia temporibus. Corporis animi iste voluptas officia dolor aut ad. Architecto omnis pariatur quo et est voluptatem ad.', 0, '2019-03-05 20:51:01', '2019-03-05 20:51:01'),
(85, 44, 'Norris Cremin', 'Sunt ut molestiae rerum. Est qui reiciendis quia illo at culpa non illo. Soluta deserunt voluptatibus ratione.', 2, '2019-03-05 20:51:01', '2019-03-05 20:51:01'),
(86, 182, 'Marlene Jaskolski', 'Saepe nihil quasi vel molestias mollitia assumenda ipsa. Distinctio cupiditate exercitationem suscipit tenetur nisi soluta reiciendis aut. Eos laudantium non quo consequuntur autem aut.', 4, '2019-03-05 20:51:01', '2019-03-05 20:51:01'),
(87, 163, 'Karl Tremblay', 'Repellendus ea animi sequi modi modi ut eius. Soluta voluptatum mollitia debitis voluptas ut culpa aut.', 3, '2019-03-05 20:51:01', '2019-03-05 20:51:01'),
(88, 17, 'Chester Langworth', 'Et perspiciatis voluptatem placeat dolorem est non recusandae. Id esse fuga soluta qui rerum maiores quia. Magnam vel voluptatum vel ex sequi. Dicta nisi qui quo et fuga est porro.', 5, '2019-03-05 20:51:01', '2019-03-05 20:51:01'),
(89, 247, 'Americo Quitzon', 'Earum minus et sed neque aut adipisci omnis. Ea ex delectus possimus enim. Corporis veniam sunt quasi aut placeat. Accusantium pariatur eius recusandae et sint.', 1, '2019-03-05 20:51:01', '2019-03-05 20:51:01'),
(90, 166, 'Arne Armstrong', 'Exercitationem ullam quia soluta. Ad consequuntur porro et. Rerum nihil qui et quo impedit eos.', 2, '2019-03-05 20:51:01', '2019-03-05 20:51:01'),
(91, 210, 'Prof. Diana Turner', 'Velit culpa nam et earum maiores minima dolorem. Aut aut ab delectus officiis reiciendis vitae. Ea omnis nobis aut. Fugit explicabo quia laborum autem necessitatibus sunt autem.', 0, '2019-03-05 20:51:01', '2019-03-05 20:51:01'),
(92, 238, 'Dr. Art Metz III', 'Aliquid sapiente nihil accusamus impedit quae quidem quidem. Est facilis omnis iure molestias ut nemo. Cum omnis quo in deserunt. Fugiat quibusdam reprehenderit et veniam debitis.', 3, '2019-03-05 20:51:01', '2019-03-05 20:51:01'),
(93, 71, 'Lorenz Romaguera', 'Mollitia et soluta voluptas et. Quo eius doloremque omnis cum et molestiae harum. Animi corrupti adipisci eos et quod.', 3, '2019-03-05 20:51:01', '2019-03-05 20:51:01'),
(94, 60, 'Robin Miller I', 'Sed fugit eum quia excepturi. Voluptatem necessitatibus sint ea eveniet velit. Eum sit perferendis odio ut.', 1, '2019-03-05 20:51:01', '2019-03-05 20:51:01'),
(95, 169, 'Dr. Rolando Effertz I', 'Magnam vel similique non cum quaerat. Aut quo libero et a non facilis. Deleniti et consequatur commodi dolor. Eum rem consequatur iure saepe.', 5, '2019-03-05 20:51:01', '2019-03-05 20:51:01'),
(96, 92, 'Shana O\'Conner', 'Laboriosam et dolor ipsa pariatur et fugiat saepe. Dolor eaque nemo vel. Qui velit iste repellendus sed perferendis. Dolores quia assumenda maxime inventore nemo enim aperiam.', 4, '2019-03-05 20:51:01', '2019-03-05 20:51:01'),
(97, 6, 'Fae Goldner', 'Facilis aut incidunt distinctio ipsam. Eligendi necessitatibus neque quis recusandae occaecati neque distinctio. Qui quis rerum qui possimus numquam aut. Tempore quisquam enim quod eos.', 0, '2019-03-05 20:51:01', '2019-03-05 20:51:01'),
(98, 241, 'Adalberto Satterfield', 'Minus et sunt soluta repellat. Ipsam odit blanditiis id qui corrupti aliquid optio. Id praesentium non atque. Necessitatibus ut exercitationem optio aut nihil quidem sit.', 2, '2019-03-05 20:51:01', '2019-03-05 20:51:01'),
(99, 102, 'Shyann Wunsch', 'Sed cumque quas qui. Et facere sed eum consequuntur nobis tenetur esse. Sit sit et natus debitis eos quaerat.', 1, '2019-03-05 20:51:01', '2019-03-05 20:51:01'),
(100, 67, 'Dr. Malcolm Bailey II', 'Ipsum veritatis voluptatem quasi qui animi. Itaque iure culpa eaque nostrum debitis et porro. Nihil dolore culpa dolorem. Rerum vero non autem et aut dolor.', 0, '2019-03-05 20:51:01', '2019-03-05 20:51:01'),
(101, 245, 'Daphney Wisoky', 'Non velit est numquam ut. Laborum enim nam explicabo quia incidunt. Deleniti natus adipisci ipsam dolores exercitationem sed. Recusandae neque dolores quia asperiores.', 4, '2019-03-05 20:51:01', '2019-03-05 20:51:01'),
(102, 112, 'Jake Bayer', 'Animi nihil necessitatibus quam facere iusto sed ea. Et eligendi rerum veniam ea reprehenderit. Molestias deleniti exercitationem hic occaecati ut. Ea nisi perspiciatis quae.', 2, '2019-03-05 20:51:01', '2019-03-05 20:51:01'),
(103, 177, 'Johann Wilkinson V', 'Temporibus voluptas facilis ipsa fuga velit dicta ullam. Nulla et voluptatem nihil qui sit dolorum unde optio. Voluptas omnis beatae hic occaecati expedita. Consequatur possimus qui ut voluptatum.', 3, '2019-03-05 20:51:01', '2019-03-05 20:51:01'),
(104, 219, 'Prof. Danika Breitenberg', 'Hic quia aut hic magni aliquid dolor. Recusandae cum laboriosam sit reiciendis. Assumenda aut qui voluptates est. Molestiae non cum velit velit est reprehenderit eligendi aliquam. Quia rerum est sunt eos.', 5, '2019-03-05 20:51:01', '2019-03-05 20:51:01'),
(105, 32, 'Ms. Danyka Veum', 'Et dignissimos amet pariatur nihil tempora dicta esse. Maxime inventore sapiente repellendus voluptatum. Necessitatibus velit quia architecto ea. Adipisci qui ab commodi est magni aut.', 4, '2019-03-05 20:51:01', '2019-03-05 20:51:01'),
(106, 65, 'Clarabelle Lowe', 'Est perferendis quis est sunt voluptatum tempore quia. Provident architecto molestiae consectetur rerum debitis expedita. Tempore sint aut deleniti aut. Atque est rerum tempora deleniti voluptas.', 3, '2019-03-05 20:51:01', '2019-03-05 20:51:01'),
(107, 240, 'Leon Zboncak', 'Enim sit vel animi rerum. Nam non deleniti ea voluptatem architecto nihil. Et rerum eveniet distinctio error ut quae cupiditate.', 1, '2019-03-05 20:51:02', '2019-03-05 20:51:02'),
(108, 87, 'Wilhelmine Towne', 'Iste dolor et aut enim et. Ut cumque officiis facere molestias rerum porro voluptas ex. Et aut officia facere consequatur amet facilis. Est velit voluptatem ut adipisci voluptatem.', 2, '2019-03-05 20:51:02', '2019-03-05 20:51:02'),
(109, 112, 'Arvilla Heathcote', 'Ut aut sunt qui sint voluptas expedita maiores omnis. Nulla aut eos et tempore in quae. Repellat quia deleniti laudantium autem et rerum excepturi dolore.', 3, '2019-03-05 20:51:02', '2019-03-05 20:51:02'),
(110, 145, 'Camren Feeney', 'Excepturi sunt at facilis quia et eum qui. Blanditiis voluptatem quis expedita necessitatibus enim beatae. Et id autem provident sint sunt officia rerum.', 4, '2019-03-05 20:51:02', '2019-03-05 20:51:02'),
(111, 179, 'Abagail Jakubowski', 'Doloremque reiciendis eius fugiat aut. Rerum nulla impedit harum et ad maxime vel. Ratione sint odio culpa eum autem est quidem illo. Iure sed eos voluptatum voluptas.', 3, '2019-03-05 20:51:02', '2019-03-05 20:51:02'),
(112, 52, 'Gabe Shields DDS', 'Necessitatibus velit ut tempore facere. Earum et provident dolores voluptatem blanditiis saepe. Eum dolorem quas dolor voluptas amet ut. Error rerum pariatur quasi.', 0, '2019-03-05 20:51:02', '2019-03-05 20:51:02'),
(113, 57, 'Daniella Olson', 'Tempore nisi id laudantium quia dolorum quod. Aut accusamus libero asperiores molestias. Id id nemo et a animi iusto. Quia sed reprehenderit provident veritatis laborum.', 3, '2019-03-05 20:51:02', '2019-03-05 20:51:02'),
(114, 108, 'Anjali Ward', 'Dolore molestiae quas illum animi animi quaerat nobis rerum. Odio porro quis in. Et voluptatem libero nihil rerum repudiandae. Distinctio deleniti deserunt dolorem ad reprehenderit delectus aut.', 1, '2019-03-05 20:51:02', '2019-03-05 20:51:02'),
(115, 60, 'Triston Hermann MD', 'Ipsa magni non officiis. In et sit a rerum facere tempora sint praesentium. Accusantium provident voluptatem aut placeat quas fuga autem. Dolor quaerat asperiores hic tenetur temporibus explicabo.', 0, '2019-03-05 20:51:02', '2019-03-05 20:51:02'),
(116, 154, 'Melissa McLaughlin', 'Qui saepe in sit suscipit debitis blanditiis veniam voluptatem. Ab enim ducimus repudiandae veniam sed hic ullam. Deserunt deleniti eos eos ducimus iusto hic. Labore excepturi odio est sapiente praesentium ipsa.', 0, '2019-03-05 20:51:02', '2019-03-05 20:51:02'),
(117, 30, 'Caleb Haag', 'Eveniet laboriosam ut et doloribus earum impedit. Et iusto rerum est doloremque. Voluptatem porro voluptas est explicabo numquam voluptatem facere. Repellendus corrupti labore reiciendis et et quibusdam.', 2, '2019-03-05 20:51:02', '2019-03-05 20:51:02'),
(118, 2, 'Titus Prosacco', 'Laudantium voluptas ipsam autem culpa illo explicabo. Corrupti totam quibusdam recusandae quaerat iure sit qui. Dignissimos odio vel numquam voluptatem deleniti.', 2, '2019-03-05 20:51:02', '2019-03-05 20:51:02'),
(119, 128, 'Petra Denesik V', 'Quas odit voluptate sed aut commodi voluptas excepturi. Voluptatem sit eveniet harum quia.', 5, '2019-03-05 20:51:02', '2019-03-05 20:51:02'),
(120, 108, 'Dr. Miles Konopelski', 'Itaque dolores aut perspiciatis. Dolor aut magnam officia non. Aut voluptatem repellendus sint. Odio voluptas vel enim quas.', 4, '2019-03-05 20:51:02', '2019-03-05 20:51:02'),
(121, 177, 'Miss Jacky Kshlerin Jr.', 'Et consequatur adipisci expedita. Voluptatem voluptas accusamus eveniet doloremque architecto ut est rerum. Natus deleniti pariatur ea modi.', 0, '2019-03-05 20:51:02', '2019-03-05 20:51:02'),
(122, 223, 'Mrs. Henriette Yost', 'Sed architecto dolores molestias sit et totam. Voluptatibus qui laborum unde quasi rerum quibusdam. A dignissimos et cumque molestiae. Vel at facere ullam magni sapiente culpa.', 2, '2019-03-05 20:51:02', '2019-03-05 20:51:02'),
(123, 39, 'Dr. Edison Stracke', 'Nobis ratione nihil enim ipsam aut numquam. Est et corporis labore dolores quia quia. Eum eos corrupti quibusdam nulla aut. Odit natus qui nemo qui a. Officiis omnis molestias quaerat autem totam similique.', 4, '2019-03-05 20:51:02', '2019-03-05 20:51:02'),
(124, 36, 'Bethany Wolf Sr.', 'Quis asperiores eaque explicabo est rerum omnis voluptas. Voluptatibus maiores et qui aut nemo est alias. Ex eum libero cupiditate ut. Quae omnis et cum autem voluptatibus ipsam.', 5, '2019-03-05 20:51:02', '2019-03-05 20:51:02'),
(125, 180, 'Melvina Yost', 'Sunt asperiores ut accusantium numquam soluta. Iste voluptates inventore molestiae tempore qui sit architecto minima. Expedita quos illo commodi molestiae voluptatum eaque.', 3, '2019-03-05 20:51:02', '2019-03-05 20:51:02'),
(126, 24, 'Orpha Watsica', 'Esse dolor est quo reprehenderit. Quia accusantium laborum ipsa nihil magni sunt. Dolor aliquid ea et dolores debitis autem blanditiis est.', 1, '2019-03-05 20:51:02', '2019-03-05 20:51:02'),
(127, 48, 'Miss Leatha Crona', 'Consequatur et ut asperiores aperiam. Sint modi dicta non neque voluptatem sunt ex sunt. Et atque mollitia nam optio nihil. Quod quod repudiandae vel voluptatem asperiores quia nemo.', 3, '2019-03-05 20:51:02', '2019-03-05 20:51:02'),
(128, 1, 'Hollie Rogahn', 'Velit eaque autem dolores quaerat repellendus voluptatem. Necessitatibus quia dolorem vitae sunt.', 4, '2019-03-05 20:51:02', '2019-03-05 20:51:02'),
(129, 142, 'Vidal Weissnat', 'Sed quo officia aperiam consectetur. Libero facere in architecto odio nihil molestiae eum. Repellat quia sunt animi veniam.', 0, '2019-03-05 20:51:02', '2019-03-05 20:51:02'),
(130, 18, 'David Fritsch', 'Quis sit aut autem voluptatem nam provident odit. Asperiores beatae ea voluptatem tenetur. Expedita veritatis voluptates sunt consectetur.', 1, '2019-03-05 20:51:03', '2019-03-05 20:51:03'),
(131, 236, 'Dr. Kamryn Runolfsdottir IV', 'Iure dolor tenetur dolor eum eaque sapiente. Assumenda eum numquam blanditiis eos quisquam ut vel occaecati. Corporis et quos odit non rerum nostrum.', 5, '2019-03-05 20:51:03', '2019-03-05 20:51:03'),
(132, 127, 'Hannah Lueilwitz MD', 'Mollitia molestias possimus mollitia enim velit. Atque voluptatem et maxime in iusto et voluptatem. Atque possimus consectetur et sit voluptates.', 2, '2019-03-05 20:51:03', '2019-03-05 20:51:03'),
(133, 50, 'Anabelle Ritchie IV', 'Eum explicabo qui repellendus molestiae ut aut veritatis. Reprehenderit voluptate neque laboriosam nostrum corporis dolorem rem aliquid.', 0, '2019-03-05 20:51:03', '2019-03-05 20:51:03'),
(134, 190, 'Maida Friesen IV', 'Voluptatem quia ut enim unde. Sint quis eum quos accusantium. Est id illum nobis eaque. Deleniti quo dolore rem et.', 0, '2019-03-05 20:51:03', '2019-03-05 20:51:03'),
(135, 122, 'Caitlyn O\'Reilly', 'Voluptatem sed ut et et laboriosam. Mollitia aliquid tempora aut autem placeat placeat laborum. Quasi temporibus fuga libero facilis qui.', 4, '2019-03-05 20:51:03', '2019-03-05 20:51:03'),
(136, 101, 'Doris Wilkinson', 'Provident aliquam vitae sed sed eos. Saepe laboriosam pariatur et autem rem aut consequuntur in. Recusandae laborum et aliquid voluptas. Voluptas cum similique dolores aut deleniti optio illo.', 3, '2019-03-05 20:51:03', '2019-03-05 20:51:03'),
(137, 93, 'Percy Thompson', 'Sequi aperiam asperiores laboriosam et qui nam. Delectus commodi qui ea totam velit minima autem. Dolorum quidem magnam eius. Qui sit eaque quasi totam atque nihil.', 1, '2019-03-05 20:51:03', '2019-03-05 20:51:03'),
(138, 36, 'Damian Yost', 'Aut quos vel ad. Quo possimus quo tenetur dolore quia nam distinctio.', 2, '2019-03-05 20:51:03', '2019-03-05 20:51:03'),
(139, 8, 'Amy Nicolas', 'Quae nam deleniti ut eligendi sit. Sunt occaecati in qui qui ut. Veniam qui odio nulla adipisci.', 5, '2019-03-05 20:51:03', '2019-03-05 20:51:03'),
(140, 236, 'Miss Adriana Frami', 'Quae tenetur minus blanditiis omnis nemo. Quos corporis culpa consequuntur quia eos impedit. Atque corporis velit voluptatem fuga vel sunt molestiae voluptates. Sed et voluptatem vel consequatur qui. Id et ducimus sunt distinctio rerum illum.', 2, '2019-03-05 20:51:03', '2019-03-05 20:51:03'),
(141, 120, 'Giovanny Schimmel', 'Repellendus dolore sint consequatur nam consequatur. Id voluptas officia a omnis. Sapiente consequatur ea libero distinctio reprehenderit quo soluta eum. Officiis velit voluptatum ut culpa iure.', 4, '2019-03-05 20:51:03', '2019-03-05 20:51:03'),
(142, 145, 'Elmira Stiedemann Sr.', 'Eum repellendus ullam natus dolores ipsam. In a neque occaecati inventore. Sed aut doloremque mollitia est iste ut. Ipsum ipsum vitae nobis veritatis.', 4, '2019-03-05 20:51:03', '2019-03-05 20:51:03'),
(143, 208, 'Prof. Manuel Kilback DDS', 'Facere voluptatem ex quibusdam sint. Voluptas exercitationem illum vero labore impedit beatae quidem. Consequatur et est perferendis. Explicabo sit dolorem qui amet nisi odit doloremque.', 5, '2019-03-05 20:51:03', '2019-03-05 20:51:03'),
(144, 233, 'Michele Gerlach MD', 'Ut aut dolor fuga minima sapiente neque. Omnis odio non ad repellendus nihil nemo veritatis. Sed voluptas fugit iure aut ratione deserunt.', 5, '2019-03-05 20:51:03', '2019-03-05 20:51:03'),
(145, 54, 'Otilia Predovic', 'Sint sapiente dicta quisquam ut iusto. Sunt nam minima dolores aut autem ut. Nostrum omnis voluptas ex ea corporis voluptas.', 4, '2019-03-05 20:51:03', '2019-03-05 20:51:03'),
(146, 23, 'Flo Larson', 'Labore quis sint rem maxime velit commodi itaque. Et quo qui quos cumque et ea nisi. Autem dolores qui sint corrupti temporibus provident illo.', 3, '2019-03-05 20:51:03', '2019-03-05 20:51:03'),
(147, 115, 'Nick Hegmann', 'Molestiae quas quis exercitationem consequatur culpa nihil. Vitae at sapiente aliquam aliquam. Placeat ducimus incidunt ut consequuntur aut.', 5, '2019-03-05 20:51:03', '2019-03-05 20:51:03'),
(148, 194, 'Mr. Jonas Pollich', 'Modi culpa et blanditiis quae in. Fuga repellat voluptatem totam animi natus qui eum ut. Cupiditate eaque nam numquam consequatur dicta. Et minus ea qui cum.', 3, '2019-03-05 20:51:03', '2019-03-05 20:51:03'),
(149, 67, 'Hayley Glover', 'Rerum fugiat nisi vitae aut impedit quos nihil qui. Ea animi aut sunt non omnis quisquam commodi. Autem dolor voluptatem molestias. Ut dolore inventore in sit facere ut voluptatem beatae.', 2, '2019-03-05 20:51:03', '2019-03-05 20:51:03'),
(150, 72, 'Sincere Emmerich', 'Voluptatem ut numquam non cupiditate. Et alias consequatur dolor incidunt voluptas earum sint doloribus. Enim atque ex aut eius.', 4, '2019-03-05 20:51:03', '2019-03-05 20:51:03'),
(151, 109, 'Betty Lindgren', 'Magnam aut quam dolor sapiente amet quas. Veritatis corrupti assumenda dolorum sint. Rerum nulla amet laudantium. Facilis voluptatem nulla quod enim ut optio.', 3, '2019-03-05 20:51:03', '2019-03-05 20:51:03'),
(152, 39, 'Lera Hettinger', 'Ut error alias minima qui ea saepe tenetur. Vel tempora officia perferendis sed. Eveniet qui voluptas rerum suscipit accusamus quas. Exercitationem rerum minus rerum eligendi quod.', 1, '2019-03-05 20:51:03', '2019-03-05 20:51:03'),
(153, 40, 'Miss Leatha Zulauf', 'Molestias molestiae ea voluptatibus consequatur quia placeat. Culpa omnis dolorum sequi totam modi. Eos similique sit harum dolorum tempore sit. Culpa nihil quibusdam soluta voluptatum sunt ipsum. Accusamus tempore qui voluptatem.', 5, '2019-03-05 20:51:03', '2019-03-05 20:51:03'),
(154, 190, 'Mr. Joshua Hayes III', 'Officiis qui sint dolores ea nihil in sequi. Sapiente corrupti vel reiciendis dicta nihil nam. Modi rem et voluptas eveniet qui. Vitae impedit occaecati molestiae sed expedita. Est sapiente velit omnis distinctio.', 1, '2019-03-05 20:51:03', '2019-03-05 20:51:03'),
(155, 250, 'Christy Connelly', 'Alias aut molestiae aliquam qui aperiam ut. Ipsum aliquid ut commodi ut rem et consequuntur enim. Voluptates inventore sint quia. Sapiente quos veritatis debitis voluptate officia officiis.', 3, '2019-03-05 20:51:03', '2019-03-05 20:51:03'),
(156, 235, 'Dr. Glenna McCullough', 'Explicabo rerum blanditiis quidem quisquam quasi suscipit sit. Ipsa laboriosam omnis quis saepe error dicta et. Id quo molestiae tempora nostrum assumenda.', 3, '2019-03-05 20:51:03', '2019-03-05 20:51:03'),
(157, 25, 'Prof. Shaina Ziemann II', 'Earum eum alias ad ad. Quia blanditiis nihil deleniti voluptas dignissimos optio esse. Sit laborum beatae autem minima aliquam tempora quas. Voluptatum eveniet blanditiis quaerat est aut eos at.', 4, '2019-03-05 20:51:03', '2019-03-05 20:51:03'),
(158, 201, 'Trever Schulist', 'Quis sunt optio molestias eius et pariatur cumque. Quo cupiditate architecto atque amet aspernatur sequi. Quibusdam sunt architecto voluptas facilis perspiciatis sapiente sunt. Officiis earum non autem fuga quis et ut nesciunt.', 2, '2019-03-05 20:51:03', '2019-03-05 20:51:03'),
(159, 37, 'Adriana Cronin', 'Deleniti illo voluptas maxime tempore non voluptatem perferendis placeat. Officia atque aliquam sit quas. Labore explicabo eum cumque accusantium. Laborum cupiditate alias consequatur temporibus architecto minima sit.', 5, '2019-03-05 20:51:03', '2019-03-05 20:51:03'),
(160, 61, 'Prof. Cedrick Davis Sr.', 'Porro esse occaecati sit officia consequatur beatae ea. Qui ut saepe aliquam quo aut. Molestiae beatae voluptatibus commodi facere qui eligendi cum mollitia. Aut doloremque tempore unde qui.', 1, '2019-03-05 20:51:03', '2019-03-05 20:51:03'),
(161, 11, 'Pauline Carroll', 'Deserunt voluptatem eveniet voluptatibus beatae fugit delectus repudiandae. Ut quod et dicta voluptatem eveniet. Qui nulla nulla quisquam vel iste.', 0, '2019-03-05 20:51:03', '2019-03-05 20:51:03'),
(162, 173, 'Miss Viola Orn', 'Praesentium et labore voluptatibus voluptatum ea. Cupiditate unde ipsam natus inventore quo sunt maxime. Quia qui totam voluptatum aut rerum. Hic similique incidunt aut fuga repudiandae blanditiis. Libero quia et vel omnis.', 3, '2019-03-05 20:51:04', '2019-03-05 20:51:04'),
(163, 27, 'Sarai Hahn', 'Pariatur et impedit cupiditate eveniet ipsa ea cumque. Explicabo perferendis magni numquam ea tempora tempora sequi. Et unde quod consequuntur non enim autem ratione. Nam natus labore aliquid alias sunt at.', 3, '2019-03-05 20:51:04', '2019-03-05 20:51:04'),
(164, 128, 'Marcelo Prohaska', 'Qui modi deleniti voluptatem. Sint eum ut aspernatur maiores qui. Accusantium quaerat vitae aut.', 4, '2019-03-05 20:51:04', '2019-03-05 20:51:04'),
(165, 63, 'Judd Roberts', 'Id voluptatem a aliquam consequatur quia. Quasi quidem provident et. Ducimus laudantium maiores ipsa molestiae et labore repellat. Qui ipsa harum sed quibusdam.', 3, '2019-03-05 20:51:04', '2019-03-05 20:51:04'),
(166, 238, 'Melyssa Bruen', 'Et nobis sunt sed maiores sequi. Ducimus doloremque et architecto assumenda qui architecto explicabo nisi. Enim exercitationem et et facilis.', 1, '2019-03-05 20:51:04', '2019-03-05 20:51:04'),
(167, 104, 'Kaylee Williamson', 'Quam deleniti iste expedita aut commodi. Eos harum natus aut ipsa et culpa maxime. Molestias aspernatur aliquid nostrum.', 4, '2019-03-05 20:51:04', '2019-03-05 20:51:04'),
(168, 156, 'Mr. Morris Gerlach Sr.', 'Quis ut totam sed ut. Minima beatae quod magnam dolore id. Rerum nesciunt quam quisquam amet consequatur adipisci. In temporibus voluptatem aliquid et doloremque id magnam.', 1, '2019-03-05 20:51:04', '2019-03-05 20:51:04'),
(169, 68, 'Orie Eichmann', 'Ipsum non adipisci quos velit est qui aliquam magnam. Non accusamus accusamus consequatur est sit est at. Fugit id inventore quis et.', 5, '2019-03-05 20:51:04', '2019-03-05 20:51:04'),
(170, 192, 'Ike Boyer', 'Exercitationem illo laboriosam tempore qui vero ea sequi quibusdam. Quasi vel reprehenderit quam velit reprehenderit. Provident deserunt explicabo aliquid maxime.', 1, '2019-03-05 20:51:04', '2019-03-05 20:51:04'),
(171, 15, 'Winona Gleichner', 'Sit aspernatur sint fugit dolor voluptates rem. Similique veniam numquam et mollitia est. Quibusdam at autem voluptates placeat possimus ratione accusantium.', 2, '2019-03-05 20:51:04', '2019-03-05 20:51:04'),
(172, 76, 'Fermin Greenholt', 'Sed ut quo maxime in qui. Libero maxime nihil debitis alias fugiat. Nesciunt quae tempora iure vitae iusto et. Rerum nemo soluta voluptate ducimus. Ipsum aliquam ex et ad exercitationem quia autem.', 2, '2019-03-05 20:51:04', '2019-03-05 20:51:04'),
(173, 135, 'Justina Rau', 'Voluptatem nam in et aperiam fugit. Consequuntur aut dicta debitis et. Architecto aut iure consequatur ad autem.', 4, '2019-03-05 20:51:04', '2019-03-05 20:51:04'),
(174, 198, 'Kira Haley', 'Porro nihil perspiciatis totam similique. Totam est sed voluptatem. Esse nam iste nihil omnis. Voluptatum animi aut et qui nulla.', 0, '2019-03-05 20:51:04', '2019-03-05 20:51:04'),
(175, 205, 'Shannon Walker', 'Perspiciatis praesentium cum consequatur quasi perspiciatis. Voluptatem natus sit corporis placeat quas aut. Facere repellat architecto error est rerum ipsum minus sapiente. Aut dolor voluptatum modi et aliquid praesentium. Et quia beatae adipisci in exercitationem deserunt.', 2, '2019-03-05 20:51:04', '2019-03-05 20:51:04'),
(176, 42, 'Rae Bayer', 'Deleniti voluptas placeat veritatis ut harum incidunt. Rem quis est veniam sed harum quae quia.', 5, '2019-03-05 20:51:04', '2019-03-05 20:51:04'),
(177, 67, 'Prof. Jayden Mills IV', 'Id aut amet in inventore ducimus. Cumque porro animi hic. Dignissimos esse accusamus ut consequatur laborum.', 4, '2019-03-05 20:51:04', '2019-03-05 20:51:04'),
(178, 3, 'Derek Crona', 'Ut blanditiis vel nemo aspernatur saepe amet temporibus. Quo voluptatem doloribus assumenda sunt possimus eum laboriosam. Aut repellendus eius sunt harum architecto odio magnam.', 3, '2019-03-05 20:51:04', '2019-03-05 20:51:04'),
(179, 121, 'Sherman Tillman I', 'Quia quo dolores debitis. Ipsum temporibus esse voluptates totam. Sint ut aut dolor autem.', 2, '2019-03-05 20:51:04', '2019-03-05 20:51:04'),
(180, 167, 'Libbie Renner', 'Officia velit minus laborum non temporibus delectus. Facilis consequatur numquam omnis sed eum.', 5, '2019-03-05 20:51:04', '2019-03-05 20:51:04'),
(181, 118, 'Mrs. Minerva Jones', 'Blanditiis dolores magni dolores nostrum. Reiciendis nesciunt quia deserunt qui in unde aut. Autem non aut ratione ad. Perferendis saepe quam tenetur id.', 0, '2019-03-05 20:51:04', '2019-03-05 20:51:04'),
(182, 27, 'Miss Adele Harris DDS', 'Itaque omnis autem et quod beatae. Cum autem itaque dolorem vitae voluptas praesentium. Dicta rerum similique deleniti dolorem esse hic nemo. Dignissimos provident eveniet voluptatum voluptatem velit ipsum voluptate accusamus.', 2, '2019-03-05 20:51:04', '2019-03-05 20:51:04'),
(183, 200, 'Precious Murazik V', 'Molestiae aut placeat alias doloremque consectetur aut repellat. Occaecati perferendis dolorum commodi voluptatem. Suscipit sit sed quibusdam et et dolores. Vitae dolor magni commodi est dolore vel enim.', 5, '2019-03-05 20:51:04', '2019-03-05 20:51:04'),
(184, 107, 'Prof. Ricky Schneider PhD', 'Est sit minima placeat nostrum quia ducimus nam. Assumenda molestiae non perferendis consectetur tempore. Quae sint accusantium corporis incidunt saepe. Amet corrupti ipsum modi aut labore natus ut.', 0, '2019-03-05 20:51:04', '2019-03-05 20:51:04'),
(185, 133, 'Darby Gaylord', 'Sunt asperiores pariatur non voluptatem possimus similique. Accusantium fugiat architecto aperiam id. Non est beatae impedit reprehenderit et sed maxime.', 1, '2019-03-05 20:51:04', '2019-03-05 20:51:04'),
(186, 187, 'Brianne Bode PhD', 'Repellendus autem nam illo ab reiciendis asperiores officiis. Repudiandae molestiae dolore aut molestiae repellendus ut eius. Delectus in laboriosam aut numquam numquam cupiditate molestiae. Commodi soluta esse quidem voluptas facilis.', 4, '2019-03-05 20:51:04', '2019-03-05 20:51:04'),
(187, 194, 'Ardith Zulauf', 'In quas porro voluptatibus expedita temporibus ratione quia. Accusantium iste debitis voluptates laborum doloribus nostrum omnis eum. Nobis laudantium omnis in odit voluptatem quia. Non eveniet vel quo quo.', 2, '2019-03-05 20:51:04', '2019-03-05 20:51:04'),
(188, 225, 'Felix Orn', 'Dolor voluptate quidem molestias asperiores explicabo qui. Ut quia deleniti consequuntur rerum ea.', 1, '2019-03-05 20:51:04', '2019-03-05 20:51:04'),
(189, 153, 'Clement Lang Jr.', 'Doloribus voluptatibus sint facere ipsam dolor sit ut. Magni fugiat excepturi qui reiciendis ut. Quaerat voluptas voluptatem dolorem quisquam fuga laboriosam.', 4, '2019-03-05 20:51:04', '2019-03-05 20:51:04'),
(190, 21, 'Herminia Gutkowski DDS', 'Ut consequatur id tenetur perspiciatis. Ullam tempore nesciunt reprehenderit impedit iure magnam possimus omnis. Et perspiciatis voluptatem provident aliquam et.', 1, '2019-03-05 20:51:04', '2019-03-05 20:51:04'),
(191, 50, 'Jacklyn Runolfsson', 'Aut cumque quo officiis qui omnis. Quia unde nam aut praesentium ut beatae.', 0, '2019-03-05 20:51:04', '2019-03-05 20:51:04'),
(192, 60, 'Mr. Gavin Quitzon', 'Praesentium ut eos accusantium at exercitationem nostrum ab. Illo quibusdam cum illum magni et repellendus. Deleniti ut aliquam ut iste. Itaque asperiores occaecati ad.', 1, '2019-03-05 20:51:05', '2019-03-05 20:51:05'),
(193, 188, 'Velma Emard', 'Et et fugit ad nihil rerum mollitia distinctio non. Sunt culpa tempora aliquid repellendus sed ducimus eligendi. Quidem repellat odit sint quisquam ut enim ut. Dolor pariatur totam accusamus expedita harum odio iste.', 3, '2019-03-05 20:51:05', '2019-03-05 20:51:05'),
(194, 231, 'Leonie Metz DVM', 'Aut accusamus et dolores debitis consectetur libero eos. Deserunt voluptas totam eius inventore quos. Sed quos et modi quia deleniti ratione. Voluptas architecto doloribus nesciunt.', 5, '2019-03-05 20:51:05', '2019-03-05 20:51:05'),
(195, 30, 'Lempi Williamson Jr.', 'Quam enim quo suscipit voluptatem rerum molestiae. Facilis nisi iusto deleniti qui temporibus. In iure odio est ut nostrum. Veniam explicabo voluptas ea porro voluptatem.', 2, '2019-03-05 20:51:05', '2019-03-05 20:51:05'),
(196, 212, 'Jace Kris MD', 'Sapiente ut beatae eius distinctio consequuntur. Impedit eaque laudantium non. Voluptatibus sit et est.', 4, '2019-03-05 20:51:05', '2019-03-05 20:51:05'),
(197, 212, 'Prof. Alexa Hoeger', 'Nisi maxime quasi ipsa aperiam dolorem molestiae. Voluptatem tempora fugit non sunt. Placeat velit delectus hic voluptas minima. Natus at debitis et architecto corrupti quibusdam blanditiis.', 5, '2019-03-05 20:51:05', '2019-03-05 20:51:05'),
(198, 83, 'Gaetano Gibson', 'Dolorum delectus dolor totam dolores excepturi. Alias porro nisi sapiente molestiae rerum illo aperiam. Similique iste modi provident cum dolorem asperiores voluptatem reprehenderit.', 5, '2019-03-05 20:51:05', '2019-03-05 20:51:05'),
(199, 62, 'Clarissa Schneider', 'Maiores dolor asperiores et blanditiis quo qui corrupti. Amet quas sit qui. Fuga dignissimos quia nesciunt necessitatibus sequi quia.', 0, '2019-03-05 20:51:05', '2019-03-05 20:51:05'),
(200, 92, 'Dakota Wintheiser IV', 'Voluptas aut voluptas occaecati ut in. Quos laudantium inventore facilis. Provident aut at asperiores voluptatem id modi et.', 3, '2019-03-05 20:51:05', '2019-03-05 20:51:05'),
(201, 5, 'Dr. Florida Grimes', 'Maiores rerum aut iusto perferendis ea. Assumenda officia odit qui exercitationem et. Quis nisi sed et aliquam labore rerum. Rem soluta dignissimos voluptate aut impedit.', 4, '2019-03-05 20:51:05', '2019-03-05 20:51:05'),
(202, 8, 'Mr. Nolan Schroeder', 'Ut exercitationem cupiditate tempora et. Illum in enim illum et eius. Omnis fugit libero eius velit voluptatibus officiis. Error ut ut aut voluptatem quam accusamus.', 2, '2019-03-05 20:51:05', '2019-03-05 20:51:05'),
(203, 163, 'Bryce Hill', 'Ad et ullam vel itaque temporibus consequuntur. Eos natus ut ipsa et quibusdam tenetur. Explicabo aut ratione temporibus.', 0, '2019-03-05 20:51:05', '2019-03-05 20:51:05'),
(204, 243, 'Prof. Tod Bode Sr.', 'Vel suscipit quis sit laboriosam ad. Doloremque provident alias eveniet aperiam qui qui optio. Et exercitationem adipisci et ut exercitationem deleniti ea corporis. Modi magnam sit optio expedita laborum minus voluptatem.', 3, '2019-03-05 20:51:05', '2019-03-05 20:51:05'),
(205, 209, 'Mrs. Daphne Hermiston', 'Error reprehenderit hic esse. In aut ipsa voluptatem cumque quia. Consequuntur sequi nihil nemo consectetur pariatur est.', 0, '2019-03-05 20:51:05', '2019-03-05 20:51:05'),
(206, 84, 'Justine Spinka', 'Aperiam eius cum iure magnam optio. Est laboriosam sequi alias vitae. Nobis in voluptatem voluptas. Vitae enim illum nihil voluptatem.', 0, '2019-03-05 20:51:05', '2019-03-05 20:51:05'),
(207, 96, 'Virginia Cole', 'Sunt omnis natus nobis earum. Nemo inventore laudantium incidunt autem impedit. Itaque neque eveniet laboriosam est ut consequatur amet.', 2, '2019-03-05 20:51:05', '2019-03-05 20:51:05'),
(208, 45, 'Gregg Conn Jr.', 'Quia aut nesciunt laborum aperiam minima voluptates earum. Voluptatem aut accusamus enim. Tempora optio eveniet voluptatem quia eaque sint. Dolore odio vitae modi quae alias mollitia.', 3, '2019-03-05 20:51:05', '2019-03-05 20:51:05');
INSERT INTO `reviews` (`id`, `product_id`, `customer`, `review`, `star`, `created_at`, `updated_at`) VALUES
(209, 123, 'Rigoberto Haag', 'At qui est mollitia veritatis labore ratione. Vero vitae accusamus reprehenderit. Et dolores aut fuga in eligendi. Non qui qui sed.', 0, '2019-03-05 20:51:05', '2019-03-05 20:51:05'),
(210, 248, 'Dr. Skye Harris Jr.', 'Occaecati et nulla sed aperiam ipsa consequatur. Consectetur architecto in suscipit at veritatis dignissimos cum. Eveniet eius aperiam nobis nihil saepe nisi.', 0, '2019-03-05 20:51:05', '2019-03-05 20:51:05'),
(211, 140, 'Ephraim Hudson', 'Ut dolor temporibus voluptas laudantium. Non pariatur voluptatem quo. Non unde delectus nam pariatur.', 3, '2019-03-05 20:51:05', '2019-03-05 20:51:05'),
(212, 131, 'Omari Grant', 'Quod dolore voluptatem consequatur quas ea. Harum soluta non aut et impedit voluptates saepe. Deleniti laboriosam delectus ratione consequuntur quam. Neque sed eum eos et ad sed.', 1, '2019-03-05 20:51:05', '2019-03-05 20:51:05'),
(213, 13, 'Dr. Neha Marks Sr.', 'Odio officia qui quod non commodi debitis sint. Et excepturi in quia velit tempora. Facere omnis ullam ducimus laboriosam ut. Natus libero et mollitia culpa quod vero doloribus.', 1, '2019-03-05 20:51:05', '2019-03-05 20:51:05'),
(214, 166, 'Prof. Ronaldo O\'Keefe III', 'Corporis ut similique praesentium laboriosam ea earum. Eveniet aspernatur quos rerum aut eaque sint tempore. Sint natus harum eos minima eum.', 2, '2019-03-05 20:51:05', '2019-03-05 20:51:05'),
(215, 186, 'Laurianne Green', 'Tempora ab in dolorum nihil ad enim aperiam ex. Ab modi dolor corrupti aperiam dolorem. Porro sint voluptatem nobis in quos placeat.', 3, '2019-03-05 20:51:05', '2019-03-05 20:51:05'),
(216, 61, 'Ari Crooks', 'Velit voluptatem nostrum quae quae maiores. At vel similique delectus. Corrupti voluptatem ut necessitatibus itaque odit.', 3, '2019-03-05 20:51:05', '2019-03-05 20:51:05'),
(217, 41, 'Mrs. Savanah Stoltenberg', 'Quidem eligendi et quia iste voluptas. Tempore consequatur ab quas consequatur. Laborum eius in quidem commodi voluptas.', 3, '2019-03-05 20:51:05', '2019-03-05 20:51:05'),
(218, 39, 'Margarette Hintz', 'Necessitatibus ut rerum harum minima earum magni sit. Qui ut nobis qui voluptatem. Tempora minima laboriosam adipisci ipsa. Corrupti sint eligendi quibusdam aut ut qui voluptas.', 4, '2019-03-05 20:51:05', '2019-03-05 20:51:05'),
(219, 115, 'Lucienne Ortiz PhD', 'Qui vel voluptatum distinctio. Dolor nihil ut sit quaerat dolor incidunt praesentium. Rerum non non reprehenderit repudiandae ipsum. Ut ratione ut enim nesciunt et repellat doloremque.', 1, '2019-03-05 20:51:05', '2019-03-05 20:51:05'),
(220, 124, 'Destini Grimes', 'Dolorum quisquam id qui praesentium deleniti non. Laborum reiciendis sunt aut voluptatibus eos iusto voluptatem. Dolores ea consectetur architecto debitis molestias ut. Aliquid porro vel possimus repellendus ipsum sunt autem.', 5, '2019-03-05 20:51:05', '2019-03-05 20:51:05'),
(221, 89, 'Aurelie Parisian MD', 'Sit optio quo repudiandae beatae. Delectus autem ut dolorum sequi. Exercitationem et quo dolor. Et tempore id minus corporis.', 5, '2019-03-05 20:51:05', '2019-03-05 20:51:05'),
(222, 222, 'Mrs. Mollie Champlin', 'Illo quo exercitationem odio voluptatem vitae totam. Eum at nihil velit molestiae consequuntur quibusdam perferendis. Excepturi rerum molestias natus occaecati ab incidunt ipsam.', 2, '2019-03-05 20:51:05', '2019-03-05 20:51:05'),
(223, 51, 'Lia Johns', 'Ipsam vitae excepturi quibusdam est. Doloribus earum aut nihil voluptatum. Beatae accusantium corporis aut deleniti eligendi. Ipsa facere et dolorem quis voluptatem. Eos omnis similique nihil dolorem quis alias et ipsa.', 1, '2019-03-05 20:51:05', '2019-03-05 20:51:05'),
(224, 94, 'Dr. Oran Koelpin IV', 'Officia ipsam quis id excepturi voluptates tempore et. Veniam accusantium quaerat id odio. Ut odit est esse vitae sequi numquam.', 0, '2019-03-05 20:51:05', '2019-03-05 20:51:05'),
(225, 28, 'Warren Mertz', 'Sit asperiores ex commodi eius harum quaerat. Vel laborum et ipsam enim magnam temporibus sapiente. Dolorum alias recusandae reiciendis illo voluptatem necessitatibus id. Dicta sunt odit facere voluptatem qui.', 5, '2019-03-05 20:51:06', '2019-03-05 20:51:06'),
(226, 101, 'Jalen Doyle III', 'Et eum laudantium autem omnis. Enim tempore nam minus ex totam voluptatem. Dolor ex ratione eos dolor quisquam distinctio. Ullam porro dolor est ea.', 4, '2019-03-05 20:51:06', '2019-03-05 20:51:06'),
(227, 40, 'Prof. Kurtis Collier', 'Et tempore est minima. Qui sed sed id voluptas tempore.', 1, '2019-03-05 20:51:06', '2019-03-05 20:51:06'),
(228, 202, 'Tad Wilkinson', 'Fuga rerum quod tenetur ratione consequatur. Consectetur laudantium voluptatem atque labore quia temporibus aspernatur est. Non velit aperiam quasi ratione eos qui qui est. Hic inventore autem illum qui commodi. Adipisci porro iure maiores cupiditate quia soluta non.', 1, '2019-03-05 20:51:06', '2019-03-05 20:51:06'),
(229, 179, 'Albertha Schinner', 'Eum sunt et rerum natus nesciunt recusandae aut. Quisquam quos est et magni et voluptatibus. Similique ea dolorem cumque accusantium libero asperiores. Est voluptatem ab non voluptatem vel.', 5, '2019-03-05 20:51:06', '2019-03-05 20:51:06'),
(230, 65, 'Shyann Lehner', 'Iste voluptatem vel nobis. Ut quaerat sit itaque non saepe qui ipsa voluptas. Repellendus explicabo saepe totam sed molestiae.', 0, '2019-03-05 20:51:06', '2019-03-05 20:51:06'),
(231, 145, 'Mr. Keyon Koepp', 'Dicta dolor doloremque qui sed hic. Inventore ea quos ut porro repellendus. Aut dolor repellat itaque omnis tempore exercitationem.', 4, '2019-03-05 20:51:06', '2019-03-05 20:51:06'),
(232, 177, 'Alan Jast', 'Asperiores eius eveniet provident deleniti. Et doloribus animi ea error. Pariatur cumque porro nisi ea natus.', 0, '2019-03-05 20:51:06', '2019-03-05 20:51:06'),
(233, 128, 'Cornelius Rath', 'Molestiae porro voluptas aut eum dolorum. Fuga omnis et et adipisci iure nemo quod. Et cumque minima eveniet dolorem.', 2, '2019-03-05 20:51:06', '2019-03-05 20:51:06'),
(234, 77, 'Dr. Devan Halvorson PhD', 'Id quis aut consequatur error. Voluptatem quibusdam aperiam et dicta. Similique corrupti porro ratione. Id animi eveniet aperiam et accusantium non nihil. Corporis dolorum est qui error blanditiis velit.', 3, '2019-03-05 20:51:06', '2019-03-05 20:51:06'),
(235, 185, 'Wyman Lockman', 'Sed nam dolore ducimus. Sunt consequatur ipsa expedita consequatur id. Aperiam consequuntur dolor nihil ut distinctio.', 5, '2019-03-05 20:51:06', '2019-03-05 20:51:06'),
(236, 40, 'Rosemary Schamberger', 'Explicabo quia aut illum a temporibus saepe sapiente. Aperiam sit optio corporis sed deserunt rerum. Sed excepturi doloribus consequatur rerum voluptate.', 3, '2019-03-05 20:51:06', '2019-03-05 20:51:06'),
(237, 65, 'Prof. Ewell Yundt', 'Nihil aut beatae odio. Itaque eius labore sed est id fugiat. Minima atque porro dignissimos et.', 3, '2019-03-05 20:51:06', '2019-03-05 20:51:06'),
(238, 40, 'Miss Ivy Powlowski', 'Laboriosam voluptatem libero facilis officia id. Voluptatem nobis est optio in ipsam eum. Provident omnis non accusamus sequi culpa. Aliquid vero enim quisquam ipsum recusandae incidunt.', 2, '2019-03-05 20:51:06', '2019-03-05 20:51:06'),
(239, 66, 'Nyah Denesik', 'Odit praesentium molestiae maxime blanditiis. At qui at incidunt ea ut. Delectus praesentium soluta adipisci iusto ad.', 3, '2019-03-05 20:51:06', '2019-03-05 20:51:06'),
(240, 245, 'Dr. Devon Hettinger MD', 'Id non voluptatem officiis labore aut magnam ea. Et eum aut molestiae voluptatem aperiam velit dolorum. Corporis ipsam voluptatibus laboriosam similique. In laborum consectetur est dignissimos dolor quos corporis.', 5, '2019-03-05 20:51:06', '2019-03-05 20:51:06'),
(241, 105, 'Rey Ullrich', 'Dignissimos quasi ut voluptates provident. Repudiandae nostrum nihil eaque voluptates placeat. Laborum hic iusto et eveniet nisi adipisci.', 3, '2019-03-05 20:51:06', '2019-03-05 20:51:06'),
(242, 233, 'Salvador Torphy', 'Qui consequatur voluptates voluptatem molestiae repudiandae. Nesciunt voluptatem possimus facere et rem. Enim voluptas facilis sint modi quaerat accusantium.', 2, '2019-03-05 20:51:06', '2019-03-05 20:51:06'),
(243, 92, 'Delores Tromp', 'Facilis qui magni explicabo doloremque adipisci incidunt. Ut labore a odit vel neque laborum. Sit dolor praesentium molestiae maxime quibusdam magni ut.', 1, '2019-03-05 20:51:06', '2019-03-05 20:51:06'),
(244, 118, 'Mikayla Botsford III', 'Commodi deleniti porro vitae veniam dicta repudiandae vel ut. Aut veniam a eaque quo et eos veritatis. Tempora non qui rerum non. Ut minima harum quis sed pariatur rerum. Eveniet animi ut dignissimos qui et non ullam.', 3, '2019-03-05 20:51:06', '2019-03-05 20:51:06'),
(245, 9, 'Peyton Becker', 'Quo minus id quis consequatur ut. Sint quas dolorem possimus vitae voluptate ipsum velit. Illum qui sint eum id. Sequi eaque ullam aut omnis qui sint cum vel.', 0, '2019-03-05 20:51:06', '2019-03-05 20:51:06'),
(246, 56, 'Aditya Fritsch', 'Temporibus harum deserunt dolorem ipsam recusandae repudiandae voluptatem. Quibusdam reprehenderit labore praesentium magni quia. Quam esse doloribus saepe quisquam consequatur debitis. Dicta quis quas id quis ut in quia.', 2, '2019-03-05 20:51:06', '2019-03-05 20:51:06'),
(247, 96, 'Lindsey Dicki', 'Deserunt possimus dolorem facilis alias. Non doloribus modi expedita est quisquam. Quis minima doloribus nulla et nemo. Excepturi quibusdam non non ipsum. Id vel earum sit repellat omnis.', 0, '2019-03-05 20:51:06', '2019-03-05 20:51:06'),
(248, 217, 'Dr. Deja Rolfson IV', 'Praesentium repellendus inventore eligendi illum quia sit. Nostrum voluptatem eius optio corrupti ut excepturi. Expedita dolores asperiores ut exercitationem odio earum. Explicabo ullam optio consequuntur quo iusto veniam omnis.', 3, '2019-03-05 20:51:06', '2019-03-05 20:51:06'),
(249, 45, 'Tina Kreiger', 'Nihil sit quae enim porro optio ipsum mollitia. Ipsa sit perferendis accusamus porro nihil cupiditate. Eum numquam non esse commodi atque. Nihil amet sunt labore aut vel est repellendus.', 2, '2019-03-05 20:51:06', '2019-03-05 20:51:06'),
(250, 87, 'Jamir Torp', 'Non officiis dicta dolorem vitae ut nesciunt blanditiis aut. At tempore sed optio ratione saepe. Nihil recusandae repellendus voluptatem quod.', 2, '2019-03-05 20:51:06', '2019-03-05 20:51:06'),
(251, 48, 'Sigmund Jaskolski', 'Non unde explicabo assumenda. Asperiores error reprehenderit praesentium sint et voluptatum fugit. Quam facilis est ut fugit. Voluptatum et quisquam ut ducimus sunt sit.', 0, '2019-03-05 20:51:06', '2019-03-05 20:51:06'),
(252, 130, 'Prof. Freddie Will Jr.', 'Ut animi id voluptatem ut aut voluptatum ab. Voluptates pariatur distinctio sed error quis. Vel aut voluptatem quaerat. Tempora corporis et provident error.', 5, '2019-03-05 20:51:06', '2019-03-05 20:51:06'),
(253, 229, 'Marianne Bechtelar', 'Est rerum facilis itaque enim. Quis impedit sit incidunt numquam. Consequatur aliquid aut unde explicabo. Quas est quia eligendi aut illum ullam non nemo.', 5, '2019-03-05 20:51:06', '2019-03-05 20:51:06'),
(254, 78, 'Melba Collins', 'Nesciunt sunt reiciendis quas corporis. Amet velit ipsam vitae aut omnis ad aliquid. Cumque temporibus blanditiis sequi et totam.', 1, '2019-03-05 20:51:06', '2019-03-05 20:51:06'),
(255, 124, 'Vern Hackett', 'Suscipit recusandae veniam cumque libero quia. Velit exercitationem sed laudantium dolore. Nesciunt sit qui aut sunt eum. Sed corporis et adipisci fugiat totam totam possimus.', 5, '2019-03-05 20:51:06', '2019-03-05 20:51:06'),
(256, 22, 'Alene Prohaska V', 'Et eaque quo fugiat consequatur. Aut est voluptatum qui dolore. Aut dolores qui sed ipsa.', 5, '2019-03-05 20:51:07', '2019-03-05 20:51:07'),
(257, 166, 'Chris Deckow', 'Delectus error officia quo qui. Id rerum veniam nihil deserunt pariatur soluta occaecati ducimus. Id aperiam sint ipsum quia asperiores odit. Voluptas rerum qui amet quo.', 2, '2019-03-05 20:51:07', '2019-03-05 20:51:07'),
(258, 93, 'Kamryn Nicolas', 'Illo ut sint ea totam debitis voluptatem quasi sed. Sequi asperiores autem ullam iusto fuga vitae voluptas ullam. Deleniti autem deleniti quia asperiores ullam qui minus eius. Fuga illo unde consequatur eum porro quis dolorem.', 1, '2019-03-05 20:51:07', '2019-03-05 20:51:07'),
(259, 7, 'Prof. Armand Herzog', 'Sit fugiat vitae reiciendis et aperiam voluptatem temporibus quae. Maiores similique at aut mollitia. Quibusdam nostrum minima aliquam dicta id molestiae.', 2, '2019-03-05 20:51:07', '2019-03-05 20:51:07'),
(260, 56, 'Sadie Gleason', 'At quibusdam asperiores maxime ad tempore ut reprehenderit. Autem corrupti at magnam et dignissimos delectus. Culpa pariatur ad officia. Quod voluptatibus temporibus modi aut qui.', 2, '2019-03-05 20:51:07', '2019-03-05 20:51:07'),
(261, 150, 'Eleonore Halvorson', 'Totam numquam ea qui assumenda. Sit maiores aut atque voluptas voluptas. Temporibus debitis et odit.', 4, '2019-03-05 20:51:07', '2019-03-05 20:51:07'),
(262, 93, 'Tito Reinger Sr.', 'Molestias ex ex nesciunt pariatur cupiditate facere. Culpa praesentium quidem error et. In doloribus repellat itaque qui nemo. Voluptas aspernatur dolore tempore veniam eaque.', 0, '2019-03-05 20:51:07', '2019-03-05 20:51:07'),
(263, 55, 'Laurel Koch', 'Sapiente sapiente distinctio et culpa. Atque pariatur eos nostrum voluptas quia.', 3, '2019-03-05 20:51:07', '2019-03-05 20:51:07'),
(264, 62, 'Prof. Stephany Murazik', 'Et neque voluptatem impedit sint laudantium ut. Hic provident necessitatibus dicta suscipit. Praesentium ex magni voluptatem sed excepturi corrupti. Dignissimos architecto facere beatae id ipsa atque.', 4, '2019-03-05 20:51:07', '2019-03-05 20:51:07'),
(265, 55, 'Kendra Schultz', 'Ipsa in debitis magni animi itaque voluptas atque. Voluptas consectetur nemo ipsam est non et reiciendis. Perspiciatis dignissimos doloremque voluptas dolor error doloribus velit. Accusantium quas temporibus architecto dolor vero velit enim eveniet.', 5, '2019-03-05 20:51:07', '2019-03-05 20:51:07'),
(266, 106, 'Marguerite Bechtelar V', 'Tempora adipisci voluptas expedita qui nulla ad repellendus. Facilis consequuntur nihil quia cupiditate. Eligendi dicta odit est eaque qui.', 4, '2019-03-05 20:51:07', '2019-03-05 20:51:07'),
(267, 32, 'Cynthia Champlin', 'Asperiores nam illo suscipit ex. Rem quasi quia sequi ut nulla. Quia et voluptas a eius est error.', 4, '2019-03-05 20:51:07', '2019-03-05 20:51:07'),
(268, 119, 'Prof. Karina Davis MD', 'Omnis ad dolores facere inventore odio alias. Ut cum qui velit voluptas veritatis. Nobis consequatur debitis possimus.', 4, '2019-03-05 20:51:07', '2019-03-05 20:51:07'),
(269, 202, 'Dr. Jazmin Hintz', 'Doloremque adipisci ut et. At fuga delectus provident ut id. Autem nihil in itaque sit.', 3, '2019-03-05 20:51:07', '2019-03-05 20:51:07'),
(270, 57, 'Prof. Lamar Denesik III', 'Sit ab doloribus totam commodi pariatur quas labore delectus. Quas perferendis porro et ab debitis ut repellendus. Est enim veniam atque ut exercitationem enim.', 1, '2019-03-05 20:51:07', '2019-03-05 20:51:07'),
(271, 214, 'Nakia Boyer', 'A dolorem delectus nobis quibusdam iste omnis nihil commodi. Fugit soluta dolore labore. Eum qui asperiores accusantium voluptates sed. Adipisci tenetur sit tenetur dolor ab illo voluptatum.', 1, '2019-03-05 20:51:07', '2019-03-05 20:51:07'),
(272, 20, 'Coralie Rutherford', 'Iusto quos tenetur repudiandae quo eligendi aut laudantium. Magnam alias ex harum sit omnis consequatur porro. Atque qui consequatur ea voluptatibus. Voluptatem illo libero laboriosam hic.', 5, '2019-03-05 20:51:07', '2019-03-05 20:51:07'),
(273, 185, 'Dr. Ed Murazik II', 'Rem laborum harum quis qui sit. Iure id aut iure. Et dignissimos dolorem qui corrupti dolorum amet nihil.', 4, '2019-03-05 20:51:07', '2019-03-05 20:51:07'),
(274, 156, 'Maximilian Doyle', 'Sequi qui sed repudiandae. Qui ut libero quos laboriosam explicabo quam. Perferendis iure ea adipisci odio.', 0, '2019-03-05 20:51:07', '2019-03-05 20:51:07'),
(275, 241, 'Favian Farrell', 'Cumque corporis et voluptas perspiciatis accusantium illum. Consequatur veniam enim eum modi repellendus id. Beatae sit et qui eius perferendis dolores quaerat quaerat. Cumque ut quibusdam quae quis architecto hic nostrum.', 5, '2019-03-05 20:51:07', '2019-03-05 20:51:07'),
(276, 157, 'Suzanne Kris', 'Ipsa dolore rerum rerum aut. Eius ut aut saepe. Vel laudantium praesentium eos.', 3, '2019-03-05 20:51:07', '2019-03-05 20:51:07'),
(277, 106, 'Ilene O\'Connell', 'Fuga expedita debitis voluptatem dolores quia. Praesentium maiores cum debitis voluptates officiis repudiandae quae. Harum fuga illum quos eum modi.', 4, '2019-03-05 20:51:07', '2019-03-05 20:51:07'),
(278, 202, 'Samantha Carroll I', 'Temporibus beatae magni voluptatem veniam. Illum soluta ut expedita ut doloribus libero earum. Consequuntur enim ad illo doloremque minima error omnis. Ipsam quo accusamus nulla.', 3, '2019-03-05 20:51:07', '2019-03-05 20:51:07'),
(279, 231, 'Alexie Becker', 'In harum similique et distinctio quo suscipit. Incidunt praesentium distinctio ipsum sapiente. Ratione voluptatem repellat quasi voluptate quisquam voluptate. Eius delectus aut velit et non corporis voluptatem.', 0, '2019-03-05 20:51:07', '2019-03-05 20:51:07'),
(280, 86, 'Romaine Schowalter Sr.', 'Mollitia rerum nihil occaecati. Quisquam veniam odit vel et quidem est. Vero soluta sit ducimus quisquam.', 0, '2019-03-05 20:51:07', '2019-03-05 20:51:07'),
(281, 47, 'Immanuel Streich', 'Quia repellat voluptatem et nam. Beatae perspiciatis quis tempora quo earum cumque est sed. Atque perspiciatis est qui consequuntur voluptatem.', 5, '2019-03-05 20:51:07', '2019-03-05 20:51:07'),
(282, 226, 'Ramon Lesch', 'Ipsa perspiciatis harum omnis neque et temporibus fuga. Eum odit laborum optio iste neque voluptatum reprehenderit. Enim molestiae beatae cumque quia tempore perspiciatis quis. Maxime fugit optio mollitia laborum voluptates consequuntur.', 1, '2019-03-05 20:51:07', '2019-03-05 20:51:07'),
(283, 227, 'Lavada Gleason', 'In veritatis commodi quasi cum sed nobis. Reiciendis totam nisi perferendis voluptatem asperiores recusandae. Earum quos debitis necessitatibus sed illum consectetur vero ut. Qui est et omnis deserunt sit expedita.', 2, '2019-03-05 20:51:07', '2019-03-05 20:51:07'),
(284, 53, 'Yvette Zboncak', 'Voluptates quo quisquam soluta occaecati nihil. Dolor aut consequatur nostrum doloribus ipsam. Consequatur expedita placeat odio consequuntur atque.', 5, '2019-03-05 20:51:07', '2019-03-05 20:51:07'),
(285, 17, 'Reba Bruen V', 'Fugiat qui et laboriosam aut. Aliquam non voluptatibus enim sit id. Voluptatem consequatur ea maiores occaecati. Eum consequatur laborum a iste omnis praesentium dolorem.', 3, '2019-03-05 20:51:08', '2019-03-05 20:51:08'),
(286, 209, 'Arnulfo Wiegand', 'Praesentium harum facere quia similique. Pariatur maiores eum et laudantium nesciunt accusantium. Aliquam recusandae modi sit et eos.', 3, '2019-03-05 20:51:08', '2019-03-05 20:51:08'),
(287, 178, 'Clementine Marks', 'Debitis et qui iusto aut harum expedita. Esse magnam dolorum consequuntur rem voluptatem ad ut. Praesentium nihil quae est accusamus similique qui. Voluptas et accusamus qui praesentium.', 5, '2019-03-05 20:51:08', '2019-03-05 20:51:08'),
(288, 116, 'Adalberto Weber IV', 'Et laudantium nihil et cumque sed architecto. Et provident aut illum necessitatibus esse reprehenderit perferendis. Rerum nostrum libero odio voluptatibus similique.', 4, '2019-03-05 20:51:08', '2019-03-05 20:51:08'),
(289, 153, 'Mittie Harber III', 'Non iste consequatur consequatur cumque maxime. Facere aut quibusdam expedita vel. Ea qui aut enim voluptate porro tenetur autem. Aperiam molestiae assumenda dolore et veniam.', 0, '2019-03-05 20:51:08', '2019-03-05 20:51:08'),
(290, 118, 'Elza Goodwin MD', 'Reiciendis non ullam alias vero placeat qui. Cupiditate non vitae molestias iusto doloremque itaque quaerat. Veritatis adipisci est excepturi tempore non blanditiis consequatur accusantium.', 4, '2019-03-05 20:51:08', '2019-03-05 20:51:08'),
(291, 111, 'Christopher Streich PhD', 'Voluptas cupiditate fuga ut assumenda rerum repudiandae inventore animi. Voluptates occaecati quos perferendis ullam et ut totam. Qui et voluptas veniam itaque et non voluptate. Voluptatem rem facere hic officia autem.', 5, '2019-03-05 20:51:08', '2019-03-05 20:51:08'),
(292, 31, 'Harold Sporer', 'Deleniti earum laborum dolores dolorum et voluptas eligendi. Velit corrupti non eius placeat. Et iusto architecto ut dolorem totam et. Et distinctio adipisci et velit suscipit aut.', 3, '2019-03-05 20:51:08', '2019-03-05 20:51:08'),
(293, 175, 'Mr. Jamie Jakubowski', 'Perferendis delectus ratione aut saepe quis. Qui est dolores doloribus mollitia aspernatur. Quo autem impedit ipsa voluptas qui officiis.', 4, '2019-03-05 20:51:08', '2019-03-05 20:51:08'),
(294, 235, 'Brody Frami', 'Atque accusantium aut perferendis sunt facilis esse delectus maxime. Expedita officiis libero ab neque et neque ut. Et enim non at iusto nam eos dolores dolorem. Ea molestiae aut quis enim eum dolorem blanditiis cupiditate.', 0, '2019-03-05 20:51:08', '2019-03-05 20:51:08'),
(295, 117, 'Jake Marquardt DVM', 'Fugit quaerat eius dolores rerum ducimus. Consectetur a ratione est et quibusdam dolores officiis. Quam quas qui nihil nisi. Labore nobis fugiat iure perspiciatis a.', 4, '2019-03-05 20:51:08', '2019-03-05 20:51:08'),
(296, 184, 'Antonette Kiehn DVM', 'Dicta nihil et est eum quo. Necessitatibus libero voluptatem libero reprehenderit.', 2, '2019-03-05 20:51:08', '2019-03-05 20:51:08'),
(297, 15, 'Blanca Glover', 'Itaque architecto nihil deserunt sit illo non. Omnis tempore molestiae qui veniam et est reprehenderit eum. Et beatae a deserunt quia rerum et quidem hic.', 3, '2019-03-05 20:51:08', '2019-03-05 20:51:08'),
(298, 70, 'Lexi Kulas', 'Nulla eum eum et velit est molestiae nulla quod. Blanditiis qui molestiae et nihil. Sint qui tenetur reiciendis aut illum modi.', 2, '2019-03-05 20:51:08', '2019-03-05 20:51:08'),
(299, 85, 'Myrtle Herman III', 'Voluptatem repellendus sunt deserunt maxime. Nisi dolorem laborum assumenda autem reprehenderit. Doloremque est repellendus aperiam aut. Deserunt consequuntur eius laboriosam eum eos earum.', 2, '2019-03-05 20:51:08', '2019-03-05 20:51:08'),
(300, 1, 'Brycen Heidenreich', 'Ipsam quod voluptatem sed aut quos voluptates at. A debitis voluptatibus culpa delectus ut omnis. Et quidem in cum.', 0, '2019-03-05 20:51:08', '2019-03-05 20:51:08');

-- --------------------------------------------------------

--
-- Table structure for table `users`
--

CREATE TABLE `users` (
  `id` bigint(20) UNSIGNED NOT NULL,
  `name` varchar(191) COLLATE utf8mb4_unicode_ci NOT NULL,
  `email` varchar(191) COLLATE utf8mb4_unicode_ci NOT NULL,
  `email_verified_at` timestamp NULL DEFAULT NULL,
  `password` varchar(191) COLLATE utf8mb4_unicode_ci NOT NULL,
  `remember_token` varchar(100) COLLATE utf8mb4_unicode_ci DEFAULT NULL,
  `created_at` timestamp NULL DEFAULT NULL,
  `updated_at` timestamp NULL DEFAULT NULL
) ENGINE=InnoDB DEFAULT CHARSET=utf8mb4 COLLATE=utf8mb4_unicode_ci;

--
-- Indexes for dumped tables
--

--
-- Indexes for table `migrations`
--
ALTER TABLE `migrations`
  ADD PRIMARY KEY (`id`);

--
-- Indexes for table `password_resets`
--
ALTER TABLE `password_resets`
  ADD KEY `password_resets_email_index` (`email`);

--
-- Indexes for table `products`
--
ALTER TABLE `products`
  ADD PRIMARY KEY (`id`);

--
-- Indexes for table `reviews`
--
ALTER TABLE `reviews`
  ADD PRIMARY KEY (`id`),
  ADD KEY `reviews_product_id_index` (`product_id`);

--
-- Indexes for table `users`
--
ALTER TABLE `users`
  ADD PRIMARY KEY (`id`),
  ADD UNIQUE KEY `users_email_unique` (`email`);

--
-- AUTO_INCREMENT for dumped tables
--

--
-- AUTO_INCREMENT for table `migrations`
--
ALTER TABLE `migrations`
  MODIFY `id` int(10) UNSIGNED NOT NULL AUTO_INCREMENT, AUTO_INCREMENT=5;

--
-- AUTO_INCREMENT for table `products`
--
ALTER TABLE `products`
  MODIFY `id` int(10) UNSIGNED NOT NULL AUTO_INCREMENT, AUTO_INCREMENT=251;

--
-- AUTO_INCREMENT for table `reviews`
--
ALTER TABLE `reviews`
  MODIFY `id` int(10) UNSIGNED NOT NULL AUTO_INCREMENT, AUTO_INCREMENT=301;

--
-- AUTO_INCREMENT for table `users`
--
ALTER TABLE `users`
  MODIFY `id` bigint(20) UNSIGNED NOT NULL AUTO_INCREMENT;

--
-- Constraints for dumped tables
--

--
-- Constraints for table `reviews`
--
ALTER TABLE `reviews`
  ADD CONSTRAINT `reviews_product_id_foreign` FOREIGN KEY (`product_id`) REFERENCES `products` (`id`) ON DELETE CASCADE;
COMMIT;

/*!40101 SET CHARACTER_SET_CLIENT=@OLD_CHARACTER_SET_CLIENT */;
/*!40101 SET CHARACTER_SET_RESULTS=@OLD_CHARACTER_SET_RESULTS */;
/*!40101 SET COLLATION_CONNECTION=@OLD_COLLATION_CONNECTION */;
